-0.053652,0.10617,-0.0027862,-1,0.006215,-0.99998,0.090363
-0.015617,0.013744,0.0075573,-0.99997,-0.010207,-0.99995,-0.27661
-0.19001,0.27766,0.0027336,-1,0.00027915,-1,-1.0472
-0.83354,1.1991,0.024282,-0.99971,-0.054592,-0.99851,-2.8347
-2.3642,3.2738,0.10893,-0.99405,-0.16752,-0.98587,-0.4643
-1.8675,2.1215,0.21006,-0.97769,-0.26752,-0.96355,1.4646
-0.38903,-0.26753,0.26266,-0.96489,-0.33983,-0.94049,-2.6882
-0.95417,-0.12508,0.31584,-0.94881,-0.32839,-0.94454,-2.9534
-1.485,-0.049805,0.35196,-0.93601,-0.34149,-0.93988,-0.91523
-1.0157,-1.1144,0.40146,-0.91588,-0.28113,-0.95967,-3.2646
-1.5068,-1.0486,0.46818,-0.88363,-0.2461,-0.96925,-2.1549
-1.4246,-1.5563,0.53119,-0.84725,-0.191,-0.98159,-0.20048
-0.43215,-2.9434,0.57238,-0.81999,-0.058484,-0.99829,-2.4855
-0.41137,-2.9557,0.58765,-0.80912,0.089374,-0.996,1.5248
1.7267,-5.5998,0.54288,-0.83981,0.27361,-0.96184,1.132
3.3556,-7.4102,0.4565,-0.88973,0.58618,-0.81018,-0.47691
2.566,-5.0357,0.3156,-0.94889,0.81173,-0.58403,-0.37776
1.9408,-2.847,0.21022,-0.97765,0.90438,-0.42672,0.058321
1.7513,-1.1097,0.1233,-0.99237,0.95002,-0.31218,0.19662
1.628,0.56736,0.035671,-0.99936,0.94229,-0.33479,0.51015
1.5526,2.1655,-0.039937,-0.9992,0.92462,-0.38089,-0.97425
0.73535,4.0375,-0.11824,-0.99299,0.85824,-0.51326,-1.1447
-0.60629,6.2322,-0.085064,-0.99638,0.69471,-0.71929,-2.2871
-3.3536,10.543,-0.0058193,-0.99998,0.37221,-0.92815,-2.8972
-4.7058,12.46,0.22639,-0.97404,-0.26253,-0.96492,-0.74665
-2.1772,8.5734,0.3654,-0.93085,-0.70751,-0.7067,2.1306
0.06478,6.6009,0.41345,-0.91053,-0.91702,-0.39883,-3.4224
0.090172,5.1768,0.40511,-0.91427,-0.99266,-0.12097,-1.8682
0.078796,3.6856,0.39764,-0.91754,-0.9959,0.090495,3.037
1.5414,3.4198,0.37541,-0.92686,-0.9654,0.26078,-1.9124
0.96781,1.3767,0.30397,-0.95268,-0.91969,0.39265,2.0016
1.7113,0.64034,0.22801,-0.97366,-0.90565,0.42402,-0.6249
1.3418,-1.1582,0.1629,-0.98664,-0.90016,0.43555,-2.6643
0.39084,-3.313,0.12006,-0.99277,-0.94951,0.31374,0.94059
0.88842,-4.4969,0.11637,-0.99321,-0.9943,0.10666,2.5367
2.2174,-6.0178,0.016126,-0.99987,-0.9913,-0.1316,-2.3923
2.5484,-8.0171,-0.093965,-0.99558,-0.89435,-0.44737,0.7083
5.0472,-12.636,-0.28153,-0.95955,-0.54222,-0.84024,-2.6767
2.3677,-9.1567,-0.47205,-0.88157,-0.0089856,-0.99996,0.88269
0.65627,-6.8576,-0.5393,-0.84211,0.3911,-0.92035,2.3459
-0.091242,-5.5909,-0.56185,-0.82724,0.64988,-0.76004,3.0828
-0.28038,-4.4466,-0.546,-0.83778,0.81902,-0.57377,-0.5911
-1.3073,-3.1263,-0.48866,-0.87248,0.901,-0.43383,-1.5958
-2.3453,-1.6767,-0.41745,-0.9087,0.95214,-0.30568,2.996
-1.7885,0.12807,-0.32006,-0.9474,0.96054,-0.27814,2.9492
-1.2491,1.7311,-0.2392,-0.97097,0.94689,-0.32157,0.29417
-1.6418,3.3028,-0.15887,-0.9873,0.90143,-0.43292,2.1902
-1.6052,4.7652,-0.10203,-0.99478,0.79898,-0.60136,-2.3354
-3.8894,8.5296,0.015037,-0.99989,0.56881,-0.82247,-1.2573
-5.5191,11.603,0.28554,-0.95837,0.059673,-0.99822,1.1052
-2.5445,7.04,0.45393,-0.89104,-0.38551,-0.9227,-3.4877
-2.1267,5.6307,0.56077,-0.82797,-0.65568,-0.75504,0.90266
-0.69736,4.162,0.61376,-0.78949,-0.80666,-0.59102,1.997
0.78121,3.1493,0.6198,-0.78476,-0.90417,-0.42718,-1.4372
1.0141,1.827,0.58768,-0.80909,-0.94861,-0.31644,2.0278
2.1258,0.71574,0.51062,-0.85981,-0.96491,-0.2626,-1.9888
1.8853,-1.0762,0.42951,-0.90306,-0.96522,-0.26145,-0.67751
2.0974,-2.7587,0.33287,-0.94297,-0.93682,-0.34981,2.1168
3.4936,-5.0227,0.19377,-0.98105,-0.85882,-0.51228,2.535
6.1835,-9.8417,-0.040072,-0.9992,-0.61516,-0.7884,-2.4936
0.075103,-0.071137,0.00089999,-1,-0.029169,-0.99957,-1.0846
-0.65919,0.98463,0.014382,-0.9999,-0.03953,-0.99922,-0.61299
-0.93587,1.2646,0.050785,-0.99871,-0.11229,-0.99368,1.4709
0.33117,-0.75321,0.044445,-0.99901,-0.11323,-0.99357,-2.5002
-1.0435,1.0833,0.075661,-0.99713,-0.14319,-0.98969,0.54217
-0.28441,-0.1953,0.08984,-0.99596,-0.14338,-0.98967,-1.7078
-0.92331,0.46192,0.14073,-0.99005,-0.15839,-0.98738,-3.175
-2.1641,1.8749,0.21752,-0.97606,-0.21468,-0.97668,-1.603
-2.1389,1.2878,0.31944,-0.94761,-0.30153,-0.95346,1.2452
-0.72625,-0.91747,0.38972,-0.92093,-0.31304,-0.94974,-1.9642
-0.72995,-1.3585,0.41185,-0.91125,-0.2436,-0.96988,-1.1189
-0.27813,-2.1736,0.45485,-0.89057,-0.15919,-0.98725,-2.5213
-0.56334,-1.9979,0.45941,-0.88823,-0.038075,-0.99927,2.33
1.8428,-5.2365,0.44275,-0.89665,0.1192,-0.99287,3.0791
4.5398,-8.8193,0.28599,-0.95823,0.47742,-0.87868,0.17635
3.3619,-5.8227,0.091216,-0.99583,0.75681,-0.65364,2.9511
3.4907,-3.9922,-0.09334,-0.99563,0.89032,-0.45534,-3.0642
2.0373,-1.5601,-0.22741,-0.9738,0.94964,-0.31335,-1.3723
1.2917,0.10394,-0.30551,-0.95219,0.95749,-0.28846,0.69081
1.1572,1.6115,-0.36073,-0.93267,0.94658,-0.32247,-2.6238
-0.17524,3.0155,-0.38225,-0.92406,0.89579,-0.44448,2.3421
-0.20594,4.2832,-0.35575,-0.93458,0.8097,-0.58685,3.1168
-0.23225,5.3932,-0.37663,-0.92636,0.6414,-0.76721,2.8397
-0.52304,6.4225,-0.33629,-0.94176,0.36794,-0.92985,0.74633
-1.8145,8.4407,-0.29808,-0.95454,0.027305,-0.99963,-0.39181
-2.4944,9.1337,-0.18048,-0.98358,-0.43404,-0.90089,1.802
-0.47417,5.5453,-0.10709,-0.99425,-0.72468,-0.68908,-2.0316
-0.58085,4.4273,-0.091528,-0.9958,-0.8718,-0.48986,0.70511
0.090513,2.6166,-0.049297,-0.99878,-0.94018,-0.34069,-0.1991
0.24161,1.1405,-0.080989,-0.99672,-0.96534,-0.261,-0.21984
0.23791,-0.30048,-0.085046,-0.99638,-0.97393,-0.22686,1.1169
0.71891,-2.0025,-0.099428,-0.99504,-0.96581,-0.25926,-2.7473
0.024506,-2.9287,-0.12431,-0.99224,-0.90984,-0.41496,-2.5529
-0.55067,-3.7522,-0.12069,-0.99269,-0.84145,-0.54033,2.8375
1.4588,-7.1025,-0.12609,-0.99202,-0.66362,-0.74807,-1.9618
1.1795,-7.4772,-0.20801,-0.97813,-0.3332,-0.94286,-1.7673
-0.39679,-5.3976,-0.21538,-0.97653,-0.032893,-0.99946,-2.6223
-2.7529,-1.8097,-0.15558,-0.98782,0.15161,-0.98844,-1.8111
-4.4742,1.151,0.014511,-0.99989,0.16395,-0.98647,3.3373
-2.1323,-2.0324,0.20933,-0.97785,0.17775,-0.98408,-1.3893
-2.7294,-0.83387,0.31927,-0.94766,0.27461,-0.96156,1.7734
-0.94711,-3.0816,0.39506,-0.91865,0.34305,-0.93932,-0.47137
-0.72805,-2.7746,0.43494,-0.90046,0.49266,-0.87022,1.7498
0.80083,-4.1873,0.43335,-0.90123,0.63436,-0.77304,2.6908
2.1412,-4.9578,0.38058,-0.92475,0.80226,-0.59698,-2.1531
0.89102,-2.1631,0.30171,-0.9534,0.89153,-0.45296,3.2878
2.0374,-1.7514,0.21748,-0.97606,0.93145,-0.36386,-0.26793
1.7939,0.04468,0.14473,-0.98947,0.94638,-0.32306,-2.0241
0.9377,2.1219,0.052066,-0.99864,0.92266,-0.38562,1.4335
1.0358,3.4335,0.012675,-0.99992,0.87569,-0.48287,-0.74843
0.042339,5.5345,-0.011746,-0.99993,0.72601,-0.68768,0.15935
-1.0704,7.764,-0.0076098,-0.99997,0.48428,-0.87492,-2.7498
-3.5661,11.774,0.12333,-0.99237,-0.014026,-0.9999,-2.0504
-2.2403,9.4056,0.27707,-0.96085,-0.53903,-0.84229,-0.89895
-0.65969,7.1078,0.34701,-0.93786,-0.81131,-0.58462,-2.6379
-0.23,5.7131,0.35649,-0.9343,-0.95663,-0.29131,2.8563
1.4205,4.712,0.32913,-0.94429,-0.9994,-0.034685,0.17051
1.9044,3.2891,0.23891,-0.97104,-0.98889,0.14865,2.6829
2.8561,2.0782,0.13345,-0.99106,-0.9561,0.29303,-1.8729
2.0541,-0.2227,0.01921,-0.99982,-0.94141,0.33726,1.2672
0.059692,-0.016187,0.0046473,-0.99999,-0.0071952,-0.99997,-2.5011
-1.5467,2.378,0.044103,-0.99903,-0.075367,-0.99716,-0.63803
-1.5746,2.1675,0.12106,-0.99265,-0.17974,-0.98371,0.57294
-0.65008,0.50571,0.15968,-0.98717,-0.2332,-0.97243,-2.6369
-1.4129,1.0887,0.21653,-0.97628,-0.29652,-0.95503,-0.94784
-1.129,0.23137,0.27963,-0.96011,-0.3306,-0.94377,1.6579
0.45406,-2.1509,0.32005,-0.9474,-0.27509,-0.96142,-3.2381
-0.42035,-1.3918,0.2873,-0.95784,-0.19294,-0.98121,2.0615
1.6095,-4.34,0.27259,-0.96213,-0.04602,-0.99894,-2.14
0.86615,-3.2017,0.21138,-0.9774,0.14537,-0.98938,-1.6025
-0.00069273,-1.5784,0.1753,-0.98452,0.26413,-0.96449,2.2402
1.4882,-3.2926,0.1459,-0.9893,0.3835,-0.92354,-1.2737
0.45476,-1.1677,0.091476,-0.99581,0.50845,-0.86109,-0.99075
-0.36818,0.69889,0.10747,-0.99421,0.49154,-0.87085,1.4383
0.19648,0.62655,0.11952,-0.99283,0.45582,-0.89007,1.767
0.9788,0.21913,0.061736,-0.99809,0.43912,-0.89843,3.2739
2.3928,-0.94601,-0.0063496,-0.99998,0.48031,-0.8771,-3.3019
0.14403,2.7074,-0.083541,-0.9965,0.42379,-0.90576,1.5603
0.38462,2.9108,-0.08434,-0.99644,0.29219,-0.95636,2.5378
1.3766,1.8996,-0.1449,-0.98945,0.18299,-0.98312,1.0249
1.4131,2.0476,-0.20079,-0.97963,0.076942,-0.99704,-0.99493
0.1364,3.946,-0.23017,-0.97315,-0.056738,-0.99839,1.21
0.52343,3.1312,-0.26045,-0.96549,-0.25003,-0.96824,0.65338
0.71339,2.3546,-0.29538,-0.95538,-0.37805,-0.92579,-1.6746
-0.47886,3.4946,-0.29289,-0.95615,-0.51096,-0.8596,2.6799
1.198,0.28036,-0.30138,-0.9535,-0.5978,-0.80164,3.0382
3.0293,-3.3303,-0.40246,-0.91544,-0.53702,-0.84357,-1.3962
1.5482,-1.7823,-0.50767,-0.86155,-0.42169,-0.90674,-2.1004
-0.69838,0.91131,-0.52142,-0.8533,-0.38333,-0.92361,-1.0068
-2.0905,2.4091,-0.46692,-0.8843,-0.45603,-0.88997,-1.4735
-3.2799,3.3082,-0.35054,-0.93655,-0.60136,-0.79898,1.4331
-2.2163,0.68085,-0.20441,-0.97889,-0.66854,-0.74367,-1.182
-2.4299,-0.30596,-0.10464,-0.99451,-0.67912,-0.73403,0.38433
-1.7736,-2.2618,0.017137,-0.99985,-0.62816,-0.77808,-1.4853
-1.7448,-3.2952,0.10171,-0.99481,-0.52387,-0.8518,-1.0736
-1.3764,-4.5153,0.18384,-0.98296,-0.37392,-0.92746,1.9841
0.89788,-7.9283,0.18193,-0.98331,-0.048879,-0.9988,-2.0437
-0.10495,-6.253,0.16587,-0.98615,0.3363,-0.94176,0.45644
-0.27352,-5.3159,0.18403,-0.98292,0.56982,-0.82177,-0.64736
-1.0921,-3.2773,0.22063,-0.97536,0.73645,-0.67649,-2.157
-2.3566,-0.45737,0.31155,-0.95023,0.80106,-0.59858,0.40231
-2.2383,0.79739,0.40372,-0.91488,0.7917,-0.61092,-0.45748
-2.4162,2.3182,0.51994,-0.8542,0.73693,-0.67597,-2.846
-3.8644,5.5258,0.64545,-0.7638,0.58569,-0.81053,-2.0025
-3.4378,5.3784,0.7773,-0.62913,0.3653,-0.93089,0.67121
-1.5277,3.2472,0.8454,-0.53414,0.13129,-0.99134,-2.979
-1.2746,2.997,0.87776,-0.4791,-0.019274,-0.99981,3.0412
0.92318,1.5413,0.88268,-0.46997,-0.13017,-0.99149,-0.067475
2.0113,0.58339,0.83837,-0.54511,-0.18337,-0.98304,-0.044658
3.1187,-0.86733,0.77255,-0.63496,-0.17616,-0.98436,-1.5743
3.8477,-2.4302,0.6425,-0.76628,-0.087852,-0.99613,0.50119
5.8183,-5.8316,0.43304,-0.90138,0.093273,-0.99564,2.4616
7.6252,-7.9649,0.1188,-0.99292,0.47711,-0.87885,1.3371
6.2942,-3.2669,-0.23304,-0.97247,0.69026,-0.72356,2.4101
6.0412,0.6063,-0.52607,-0.85044,0.73989,-0.67273,-1.9474
4.5127,3.9813,-0.72398,-0.68983,0.65881,-0.75231,2.5101
3.8602,6.1905,-0.85892,-0.51211,0.43751,-0.89921,-0.92835
1.5712,7.8155,-0.91204,-0.41011,0.10162,-0.99482,0.19293
-0.91299,9.482,-0.92206,-0.38704,-0.29882,-0.95431,1.5825
-3.1698,11.667,-0.87442,-0.48517,-0.75277,-0.65828,-3.3728
-0.062312,-0.13493,-0.0063783,-0.99998,-0.052484,-0.99862,-0.59957
-0.3791,0.3077,0.035081,-0.99938,-0.049728,-0.99876,3.1072
1.7887,-2.9756,0.0020163,-1,0.037362,-0.9993,3.4472
3.4207,-5.0322,-0.163,-0.98663,0.24816,-0.96872,-2.0055
1.4509,-1.7967,-0.25527,-0.96687,0.4025,-0.91542,-1.5689
0.026275,0.46515,-0.28662,-0.95805,0.43761,-0.89916,0.12672
-0.69334,1.8394,-0.28457,-0.95865,0.37805,-0.92578,1.8578
-0.58204,2.2423,-0.26519,-0.9642,0.29821,-0.9545,-2.7673
-3.0756,6.0205,-0.16383,-0.98649,0.082571,-0.99659,-1.8835
-4.277,7.6405,0.027982,-0.99961,-0.27649,-0.96102,-1.3286
-3.4036,5.353,0.20983,-0.97774,-0.58676,-0.80976,1.0357
-2.0307,2.7916,0.34384,-0.93903,-0.71376,-0.70039,-1.2304
-1.6925,1.2989,0.4321,-0.90183,-0.77459,-0.63246,-0.67172
-1.2909,-0.14544,0.50189,-0.86493,-0.79454,-0.60722,1.4654
-0.17292,-1.548,0.52111,-0.85349,-0.78066,-0.62496,3.2321
1.5441,-3.1682,0.489,-0.87228,-0.71473,-0.6994,1.3088
3.1128,-5.43,0.38843,-0.92148,-0.53895,-0.84234,2.2206
6.303,-10.593,0.18458,-0.98282,-0.17745,-0.98413,-2.3559
4.6779,-8.0787,-0.10201,-0.99478,0.32999,-0.94399,3.1632
4.1878,-5.8538,-0.32316,-0.94635,0.62237,-0.78272,-0.92438
2.729,-3.2253,-0.48954,-0.87198,0.78393,-0.62084,-3.1281
1.0874,-1.5901,-0.55098,-0.83452,0.83927,-0.54372,2.2045
1.1376,-0.23477,-0.60901,-0.79316,0.879,-0.47682,0.47232
0.65049,0.99064,-0.6433,-0.76561,0.86941,-0.4941,0.24544
0.030344,2.1086,-0.64372,-0.76526,0.82337,-0.56751,2.1629
-0.18534,3.2611,-0.65613,-0.75465,0.74102,-0.67149,0.88681
-0.96008,4.4329,-0.63917,-0.76907,0.59713,-0.80215,1.6337
-1.7625,5.7756,-0.5653,-0.82489,0.38834,-0.92152,3.432
-2.0803,6.6044,-0.5035,-0.86399,0.068163,-0.99767,1.0214
-3.0769,7.994,-0.36794,-0.92985,-0.30774,-0.95147,1.8947
-1.7828,5.3809,-0.26719,-0.96364,-0.59272,-0.80541,1.412
-0.60507,2.8084,-0.20724,-0.97829,-0.75023,-0.66117,0.77671
-0.043387,0.99184,-0.18304,-0.98311,-0.805,-0.59327,-0.88495
-0.25387,0.0060133,-0.17981,-0.9837,-0.82725,-0.56183,1.7079
0.70768,-2.2106,-0.17462,-0.98464,-0.78565,-0.61867,-3.0217
-0.4638,-1.9551,-0.201,-0.97959,-0.73308,-0.68015,-1.1476
-0.74356,-2.6009,-0.15562,-0.98782,-0.63357,-0.77369,-3.4486
-2.2327,-1.5824,-0.10179,-0.99481,-0.54822,-0.83634,0.061888
-1.6601,-3.2043,-0.00066302,-1,-0.45428,-0.89086,-2.8485
-2.5843,-2.6885,0.10342,-0.99464,-0.32145,-0.94692,-1.8216
-2.7502,-3.0259,0.26133,-0.96525,-0.16301,-0.98662,3.0471
0.13246,-7.2292,0.30022,-0.95387,0.067565,-0.99771,0.52221
0.90303,-8.0073,0.25129,-0.96791,0.44989,-0.89308,-1.269
-0.41714,-5.2618,0.26233,-0.96498,0.71081,-0.70338,0.31959
-0.69974,-3.7385,0.2813,-0.95962,0.85793,-0.51377,2.4164
0.05737,-3.1972,0.30301,-0.95299,0.93197,-0.36253,-0.84777
-0.33195,-1.4505,0.30615,-0.95198,0.97302,-0.23073,-3.3935
-1.4736,1.0024,0.34491,-0.93864,0.9684,-0.2494,1.8978
-0.6808,1.7593,0.41082,-0.91172,0.95507,-0.29638,-3.3607
-2.2399,4.9461,0.4667,-0.88442,0.89099,-0.45403,0.13286
-2.3972,6.5349,0.57561,-0.81773,0.72876,-0.68477,-0.093809
-1.634,6.2646,0.66065,-0.75069,0.4693,-0.88304,-1.6507
-0.92026,5.6998,0.71269,-0.70148,0.17581,-0.98442,-2.1263
-0.19206,4.9647,0.73274,-0.68051,-0.098667,-0.99512,-1.5158
0.67636,3.9799,0.71231,-0.70186,-0.31245,-0.94994,3.2871
2.8802,1.8254,0.6554,-0.75528,-0.46149,-0.88715,2.5254
4.8053,-1.1705,0.48609,-0.87391,-0.45863,-0.88863,-2.7721
5.0073,-3.2965,0.26915,-0.9631,-0.35786,-0.93378,0.63904
6.7647,-7.0125,-0.035074,-0.99938,-0.10905,-0.99404,2.3758
6.6505,-5.844,-0.36971,-0.92915,0.23569,-0.97183,1.5555
-0.085594,-0.13115,0.010107,-0.99995,0.0016242,-1,-1.7225
-1.2036,1.5811,0.032126,-0.99948,-0.01916,-0.99982,2.4813
0.63822,-1.2781,0.039664,-0.99921,-0.053788,-0.99855,-2.3602
-0.82271,0.88614,0.047406,-0.99888,-0.020972,-0.99978,0.76281
-0.076195,-0.27818,0.091032,-0.99585,-0.021669,-0.99977,3.4905
2.4416,-4.0543,0.010192,-0.99995,0.079451,-0.99684,-2.7553
0.33934,-0.72347,-0.051469,-0.99867,0.19209,-0.98138,-2.7367
-1.7588,2.639,-0.015875,-0.99987,0.13929,-0.99025,0.86222
-1.2408,1.9797,0.055065,-0.99848,0.039627,-0.99921,1.2547
-0.18711,0.34828,0.10393,-0.99458,-0.036024,-0.99935,-2.5371
-1.4834,2.1975,0.14622,-0.98925,-0.10196,-0.99479,3.4769
1.202,-1.898,0.13923,-0.99026,-0.10672,-0.99429,0.74298
2.0846,-3.2595,0.055443,-0.99846,0.017235,-0.99985,-0.7159
1.4762,-2.2034,-0.038257,-0.99927,0.16065,-0.98701,0.88135
1.5412,-1.9327,-0.098633,-0.99512,0.28147,-0.95957,0.85691
1.3543,-1.174,-0.17749,-0.98412,0.34399,-0.93897,3.0901
2.1022,-1.4177,-0.24734,-0.96893,0.41002,-0.91208,3.094
2.5341,-0.94777,-0.37334,-0.92769,0.46037,-0.88773,-1.3288
1.1614,1.1826,-0.46482,-0.88541,0.45584,-0.89006,-3.202
-1.0113,3.8218,-0.45927,-0.8883,0.34419,-0.9389,0.79272
-1.9373,5.3532,-0.39861,-0.91712,0.10784,-0.99417,2.2481
-1.7686,5.1719,-0.29495,-0.95551,-0.169,-0.98562,-2.0696
-3.2771,6.9206,-0.18007,-0.98365,-0.45571,-0.89013,-1.0474
-2.7832,5.1018,-0.041772,-0.99913,-0.70021,-0.71394,1.7919
-1.4058,2.4078,0.069886,-0.99755,-0.80931,-0.58738,2.2545
-0.19418,0.30898,0.12038,-0.99273,-0.86129,-0.50812,0.83903
0.44535,-1.3696,0.11505,-0.99336,-0.84522,-0.53442,-3.3859
-0.26672,-2.02,0.092508,-0.99571,-0.7795,-0.6264,-3.4786
-1.0053,-2.5542,0.12168,-0.99257,-0.71266,-0.70151,-0.69703
-0.55783,-4.0107,0.17279,-0.98496,-0.58942,-0.80783,2.938
2.0142,-7.7559,0.13713,-0.99055,-0.34035,-0.9403,1.6522
3.9148,-10.775,-0.0033605,-0.99999,0.13278,-0.99115,-1.3078
1.5633,-6.8716,-0.15651,-0.98768,0.53858,-0.84257,-0.38786
0.23131,-4.6273,-0.1999,-0.97982,0.75055,-0.66081,-1.6987
-1.0307,-2.6286,-0.17257,-0.985,0.86565,-0.50065,3.4036
-0.35904,-1.5701,-0.13892,-0.9903,0.91183,-0.41058,0.14127
-0.63165,-0.081986,-0.09858,-0.99513,0.92898,-0.37012,1.2494
-0.51547,1.237,-0.095737,-0.99541,0.90992,-0.41478,-0.77058
-1.1437,2.9891,-0.025142,-0.99968,0.86589,-0.50023,-1.2137
-2.3049,5.3435,0.046879,-0.9989,0.74256,-0.66978,-0.92322
-4.0002,8.7974,0.18992,-0.9818,0.4842,-0.87496,2.4661
-2.1222,6.4571,0.36085,-0.93262,0.0969,-0.99529,0.84168
-0.4134,4.04,0.393,-0.91954,-0.1623,-0.98674,-0.93093
0.22122,2.9084,0.39864,-0.91711,-0.34417,-0.93891,-1.1113
0.70024,1.8264,0.38286,-0.92381,-0.43116,-0.90228,-1.1262
1.0944,0.75704,0.35195,-0.93602,-0.50744,-0.86168,0.48489
2.025,-1.0615,0.28477,-0.9586,-0.49973,-0.86618,1.4757
3.6214,-3.9558,0.12409,-0.99227,-0.37258,-0.928,1.7144
5.5941,-7.5518,-0.099792,-0.99501,-0.077157,-0.99702,2.0889
5.2607,-6.2469,-0.35435,-0.93511,0.2702,-0.9628,-3.2772
2.4988,-2.2145,-0.52768,-0.84944,0.4681,-0.88367,-3.1168
0.55079,-0.015872,-0.58725,-0.80941,0.49736,-0.86754,-3.0059
-1.3186,1.9004,-0.58037,-0.81435,0.45465,-0.89067,-0.42511
-2.5613,3.7461,-0.50123,-0.86531,0.33668,-0.94162,2.1352
-2.9473,4.895,-0.37092,-0.92866,0.11158,-0.99375,-2.403
-5.5867,8.8779,-0.18679,-0.9824,-0.20672,-0.9784,2.8504
-2.9067,4.1385,0.029754,-0.99956,-0.52548,-0.85081,-1.4276
-2.623,2.5793,0.19709,-0.98039,-0.66929,-0.743,2.3948
-1.1168,0.11837,0.27343,-0.96189,-0.69989,-0.71425,0.24304
-0.45143,-1.4703,0.29691,-0.9549,-0.69193,-0.72197,-3.2589
0.06534,-0.24752,-0.0032622,-0.99999,-0.032489,-0.99947,3.4845
2.3387,-3.6427,-0.070497,-0.99751,0.076873,-0.99704,2.1063
2.8646,-3.9921,-0.17214,-0.98507,0.27923,-0.96022,2.4158
2.9209,-3.1248,-0.34348,-0.93916,0.45492,-0.89053,3.4838
3.1682,-2.0362,-0.47213,-0.88153,0.54469,-0.83864,3.4186
3.369,-0.52003,-0.60903,-0.79314,0.6262,-0.77966,-0.48655
2.3374,1.261,-0.71573,-0.69838,0.59391,-0.80453,-3.3702
0.35449,2.6338,-0.75648,-0.65402,0.5158,-0.85671,-3.4998
-1.8873,4.2241,-0.73251,-0.68076,0.35878,-0.93342,-3.4996
-4.9803,7.7769,-0.60639,-0.79517,0.072246,-0.99739,-3.4978
-9.33,14.34,-0.27325,-0.96194,-0.46593,-0.88482,-3.396
-7.3369,7.982,0.12725,-0.99187,-0.87829,-0.47813,-3.4064
-7.3465,2.6624,0.46118,-0.88731,-0.96805,-0.25074,-1.1135
-7.8469,-2.9837,0.75031,-0.66108,-0.9684,-0.24941,3.1579
-6.314,-5.9145,0.93891,-0.34417,-0.87933,-0.47622,3.0923
-3.8226,-6.1799,0.99476,-0.1022,-0.68426,-0.72924,-0.49076
-2.2882,-6.3391,0.99874,0.050246,-0.4455,-0.89528,-3.0435
-1.4086,-6.4832,0.98678,0.16207,-0.12007,-0.99277,-3.4477
-0.57855,-6.3317,0.97966,0.20065,0.18841,-0.98209,-3.4784
0.14214,-6.0047,0.98384,0.17904,0.47212,-0.88154,-3.4771
0.64211,-5.4353,0.98324,0.18234,0.70502,-0.70919,-3.4631
0.785,-4.4202,0.9862,0.16557,0.86517,-0.50149,-3.4355
0.40689,-2.6555,0.99307,0.11748,0.9389,-0.3442,-3.4375
-0.33257,-0.23204,0.9943,0.10664,0.96207,-0.27279,-3.4539
-1.0726,2.2007,0.98645,0.16405,0.94411,-0.32963,-3.4558
-1.5066,4.0014,0.98147,0.1916,0.88629,-0.46313,-3.4523
-1.4282,5.0182,0.95547,0.29509,0.74779,-0.66394,-3.4348
-1.011,5.6363,0.94036,0.34018,0.55221,-0.8337,-3.4269
-0.34747,6.195,0.92385,0.38274,0.28135,-0.9596,-3.4185
0.44349,6.6772,0.9257,0.37826,-0.017716,-0.99984,-3.419
1.2396,6.9961,0.94137,0.33737,-0.37687,-0.92627,-3.391
1.7622,6.6989,0.96894,0.24728,-0.65333,-0.75707,-3.3768
1.7024,5.3693,0.98068,0.19563,-0.85395,-0.52036,-3.3302
1.0783,3.1248,0.99514,0.098498,-0.949,-0.31528,-3.3371
0.18808,0.37438,0.9986,0.052855,-0.97105,-0.2389,-3.1695
-0.62022,-2.2662,0.99677,0.080347,-0.95763,-0.28799,-2.4724
-0.81439,-3.9625,0.99232,0.12368,-0.90779,-0.41943,-2.1339
-0.48147,-4.78,0.98653,0.1636,-0.7874,-0.61645,-2.7502
-0.11038,-5.3713,0.9863,0.16499,-0.59922,-0.80059,-3.3447
0.36004,-5.6433,0.98734,0.15863,-0.34901,-0.93712,-3.4818
0.95421,-5.6763,0.99045,0.13789,-0.085184,-0.99637,-3.4239
1.6094,-5.6982,0.99694,0.078135,0.2103,-0.97764,-3.3665
2.2871,-5.7774,0.99988,-0.01519,0.45303,-0.8915,-3.4288
2.8588,-5.8427,0.9883,-0.15253,0.69198,-0.72192,-3.4898
2.7568,-4.7136,0.95864,-0.28461,0.87224,-0.48907,-3.3705
1.7261,-1.9094,0.9127,-0.40863,0.93716,-0.3489,-3.1808
0.6476,1.1067,0.89214,-0.45176,0.94378,-0.33059,-3.147
-0.4574,4.1006,0.88863,-0.45862,0.89944,-0.43704,-3.2064
-1.2036,6.4727,0.90388,-0.42779,0.73664,-0.67629,-3.3747
-0.98251,7.0579,0.9373,-0.34852,0.47335,-0.88088,-3.4917
-0.24264,6.7988,0.93992,-0.34138,0.14507,-0.98942,-3.4819
0.57267,6.3699,0.94002,-0.34113,-0.19776,-0.98025,-3.3462
1.288,5.7635,0.91472,-0.40409,-0.46412,-0.88577,-3.0534
1.8487,4.8631,0.88354,-0.46835,-0.68962,-0.72417,-2.7683
2.1185,3.6049,0.83826,-0.54528,-0.81128,-0.58466,-2.3843
2.2174,2.043,0.77249,-0.63502,-0.90067,-0.4345,-2.0951
2.189,0.34856,0.69694,-0.71713,-0.91759,-0.39753,-1.9534
2.1311,-1.3526,0.61358,-0.78963,-0.90794,-0.4191,-1.9154
2.1798,-3.0071,0.53268,-0.84632,-0.8584,-0.51298,-1.3532
2.663,-4.7212,0.42842,-0.90358,-0.7512,-0.66007,0.95989
-0.069433,0.054751,0.0076143,-0.99997,-0.017838,-0.99984,3.5
2.2508,-3.3367,-0.051673,-0.99866,0.10089,-0.9949,3.4803
3.5268,-4.701,-0.20146,-0.9795,0.29608,-0.95516,-0.32385
2.3103,-2.2825,-0.33085,-0.94368,0.45444,-0.89078,-3.4352
0.162,0.56312,-0.38586,-0.92256,0.50093,-0.86549,-3.4998
-2.0899,3.4798,-0.35806,-0.9337,0.40463,-0.91448,-3.4979
-5.4006,8.5571,-0.18751,-0.98226,0.1305,-0.99145,-3.4688
-6.7594,9.9981,0.14233,-0.98982,-0.37104,-0.92862,-3.4535
-5.6743,5.9502,0.44049,-0.89776,-0.7084,-0.70581,-3.4891
-5.6541,2.4434,0.65557,-0.75514,-0.83838,-0.54509,-3.4846
-6.3254,-1.6792,0.86421,-0.50313,-0.86005,-0.51021,-3.2846
-6.9129,-6.1711,0.9802,-0.19801,-0.73493,-0.67814,-1.8808
-6.0688,-9.0064,0.99092,0.13445,-0.4232,-0.90604,-0.52953
-3.7897,-9.4388,0.92785,0.37295,0.029482,-0.99957,-2.0456
-1.7973,-9.0788,0.86478,0.50216,0.48673,-0.87355,-3.0892
-0.37805,-8.5536,0.83935,0.54359,0.81187,-0.58384,-3.4405
0.43973,-7.8745,0.84082,0.54132,0.97737,-0.21153,-3.4822
0.39716,-6.3555,0.85881,0.51229,0.99219,0.12476,-3.4752
-0.61017,-3.4871,0.8592,0.51163,0.92172,0.38786,-3.4867
-1.9273,-0.21955,0.82261,0.56861,0.88485,0.46587,-3.4835
-3.2379,2.9213,0.73883,0.67389,0.91857,0.39526,-2.7928
-3.7119,4.502,0.61899,0.7854,0.97472,0.22343,-0.37508
-2.9549,4.5995,0.48164,0.87637,1,0.0022022,0.4112
-1.9986,5.2137,0.36397,0.93141,0.96915,-0.24648,0.14671
-0.92175,6.5186,0.29378,0.95587,0.85777,-0.51403,-1.0168
0.28964,8.3814,0.27626,0.96108,0.61731,-0.78672,-2.3499
1.5517,10.328,0.32457,0.94586,0.19042,-0.9817,-3.0851
1.5161,10.132,0.41275,0.91085,-0.32512,-0.94567,-3.2291
-0.49335,6.3737,0.42004,0.90751,-0.67974,-0.73345,-2.8527
-2.1804,3.0507,0.36209,0.93214,-0.82968,-0.55825,-0.90587
-2.5951,1.6276,0.26266,0.96489,-0.89398,-0.44811,0.74799
-2.3503,0.87422,0.12295,0.99241,-0.91905,-0.39413,1.6238
-1.9285,0.11806,0.031097,0.99952,-0.92963,-0.3685,1.7836
-1.5464,-0.83101,-0.04986,0.99876,-0.92349,-0.38362,1.8818
-1.2509,-1.9055,-0.13863,0.99034,-0.88821,-0.45944,2.0726
-1.0655,-2.9762,-0.18958,0.98187,-0.83343,-0.55263,2.1497
-1.0698,-4.0463,-0.24179,0.97033,-0.71387,-0.70028,2.36
-1.142,-5.0014,-0.31891,0.94779,-0.5449,-0.8385,2.6215
-1.2722,-5.7081,-0.35584,0.93455,-0.30518,-0.9523,2.7698
-1.2281,-5.7948,-0.43123,0.90224,-0.002782,-1,2.8716
-0.67741,-4.8134,-0.45623,0.88986,0.23201,-0.97271,2.7158
0.33866,-2.7503,-0.46848,0.88348,0.42811,-0.90373,2.2755
1.3562,-0.54703,-0.4288,0.9034,0.51401,-0.85778,1.525
2.0163,1.1471,-0.34431,0.93886,0.48966,-0.87192,0.58356
2.1828,2.0345,-0.24201,0.97027,0.42492,-0.90523,-0.24311
1.9807,2.2121,-0.1531,0.98821,0.32313,-0.94636,-0.74791
1.5345,1.9677,-0.045411,0.99897,0.2385,-0.97114,-1.2085
0.88575,1.2354,-0.0024438,1,0.13195,-0.99126,-0.94049
0.44078,0.74734,0.030855,0.99952,0.099354,-0.99505,-0.73627
0.13599,0.41886,0.057522,0.99834,0.086398,-0.99626,-0.60793
-0.10516,0.15495,0.054026,0.99854,0.055743,-0.99845,-0.26994
-0.12876,0.21546,0.03986,0.99921,0.033998,-0.99942,-0.11456
-0.049731,0.35499,0.044781,0.999,0.029759,-0.99956,-0.26743
-0.11491,0.27605,0.0381,0.99927,0.012418,-0.99992,-0.12663
-0.13989,0.27291,0.019593,0.99981,-0.013653,-0.99991,0.064423
-0.05082,0.3923,0.018042,0.99984,-0.017917,-0.99984,-0.040384
-0.064189,0.32366,0.023062,0.99973,-0.027592,-0.99962,-0.074279
-0.131,0.16215,0.00099766,1,-0.068376,-0.99766,0.19091
-0.062002,0.20535,0.0051253,0.99999,-0.050013,-0.99875,0.072507
-0.073308,0.097511,0.017667,0.99984,-0.072167,-0.99739,-0.037793
-0.073651,-0.09162,0.010624,-0.99994,-0.012124,-0.99993,3.4997
2.2052,-3.4237,-0.046292,-0.99893,0.12128,-0.99262,3.4354
3.4312,-4.6741,-0.19369,-0.98106,0.31761,-0.94822,-0.43675
2.1825,-2.2304,-0.31745,-0.94828,0.47542,-0.87976,-3.3788
0.07757,0.58093,-0.35778,-0.9338,0.51395,-0.85782,-3.5
-2.1578,3.526,-0.31939,-0.94762,0.41659,-0.90909,-3.4999
-5.4291,8.6236,-0.15755,-0.98751,0.15959,-0.98718,-3.466
-6.7091,9.957,0.18512,-0.98272,-0.37508,-0.92699,-3.3887
-5.5867,5.9394,0.45539,-0.89029,-0.69962,-0.71451,-3.4223
-5.525,2.5259,0.67384,-0.73888,-0.82411,-0.56643,-3.4531
-6.1771,-1.4606,0.85944,-0.51124,-0.84646,-0.53245,-3.3737
-6.8036,-5.8545,0.98012,-0.19842,-0.73188,-0.68144,-2.5644
-6.3052,-8.9843,0.99042,0.13807,-0.44121,-0.8974,-1.2238
-4.2404,-9.7488,0.91265,0.40874,0.023377,-0.99973,-2.0135
-2.1752,-9.4565,0.84626,0.53277,0.47703,-0.87889,-3.1935
-0.67676,-8.9072,0.81363,0.58139,0.81616,-0.57782,-3.44
0.21514,-8.2342,0.80858,0.58839,0.98682,-0.16183,-3.4581
0.24153,-6.7611,0.80639,0.59138,0.97902,0.20375,-3.4648
-0.74714,-3.9654,0.80792,0.5893,0.88207,0.47112,-3.4612
-2.1558,-0.65031,0.76538,0.64358,0.82737,0.56166,-3.12
-3.3461,2.231,0.6694,0.7429,0.85443,0.51956,-0.63205
-2.9922,2.7515,0.52639,0.85025,0.91336,0.40715,0.25436
-2.3706,3.0642,0.42489,0.90525,0.96092,0.27683,-0.18326
-2.0105,3.8954,0.33019,0.94392,0.99325,0.11599,0.11953
-1.4043,4.9274,0.23138,0.97286,0.99411,-0.10839,0.074948
-0.54813,6.3201,0.19457,0.98089,0.92957,-0.36865,-1.0937
0.44583,8.14,0.17541,0.9845,0.72972,-0.68375,-1.6674
1.9026,10.411,0.25535,0.96685,0.35579,-0.93457,-2.7029
2.5515,11.233,0.34402,0.93896,-0.17214,-0.98507,-2.7132
1.1256,8.4813,0.44424,0.89591,-0.63342,-0.77381,-2.3153
-0.57102,5.0216,0.43947,0.89826,-0.8639,-0.50366,-0.79325
-1.0619,3.1388,0.41852,0.90821,-0.94038,-0.34014,-0.37257
-1.1526,1.6926,0.36531,0.93089,-0.97441,-0.2248,-0.16055
-1.1296,0.37402,0.29934,0.95415,-0.98523,-0.17123,0.02425
-1.034,-0.92746,0.24829,0.96869,-0.98631,-0.16488,-0.090234
-1.0869,-2.3408,0.20665,0.97841,-0.96332,-0.26835,-0.042813
-1.3249,-3.8074,0.15768,0.98749,-0.91745,-0.39786,0.51809
-1.6668,-5.2838,0.047684,0.99886,-0.79247,-0.60991,1.8722
-1.7776,-6.2679,-0.00087173,1,-0.58681,-0.80972,2.214
-1.7456,-6.7747,-0.08766,0.99615,-0.30311,-0.95296,2.6892
-0.94139,-5.7962,-0.16498,0.9863,0.033811,-0.99943,2.5207
0.44504,-3.5118,-0.19373,0.98106,0.26726,-0.96363,1.4461
1.4064,-1.6319,-0.12185,0.99255,0.37512,-0.92697,-0.34292
1.3816,-1.1073,-0.051326,0.99868,0.42687,-0.90431,-1.1288
1.0931,-0.86923,-0.0053614,0.99999,0.46766,-0.88391,-1.3341
0.85255,-0.51342,0.031758,0.9995,0.52487,-0.85118,-1.4809
0.60225,-0.066651,0.064199,0.99794,0.52906,-0.84858,-1.5038
0.40225,0.48297,0.095713,0.99541,0.52999,-0.84801,-1.5538
0.22453,0.99454,0.11969,0.99281,0.49806,-0.86714,-1.4851
0.10076,1.4763,0.13556,0.99077,0.41723,-0.9088,-1.3002
0.024915,1.9805,0.12543,0.9921,0.34727,-0.93777,-0.75537
0.23292,2.6901,0.14254,0.98979,0.22263,-0.9749,-1.0326
0.17784,2.862,0.13374,0.99102,0.099737,-0.99501,-0.54917
0.2968,3.071,0.16517,0.98626,-0.033803,-0.99943,-1.0114
-0.11371,2.2579,0.16055,0.98703,-0.19335,-0.98113,-0.26768
-0.21376,1.7415,0.16385,0.98649,-0.27736,-0.96077,-0.26519
-0.43075,0.98486,0.16048,0.98704,-0.33395,-0.94259,-0.039053
-0.58203,0.25757,0.12121,0.99263,-0.39847,-0.91718,0.55852
-0.41406,-0.07307,0.094422,0.99553,-0.39703,-0.91781,0.42523
-0.36287,-0.56931,0.065673,0.99784,-0.37168,-0.92836,0.51208
0.019217,0.024759,0.016019,-0.99987,0.011947,-0.99993,3.4997
2.2998,-3.3156,-0.060866,-0.99815,0.082544,-0.99659,3.4895
3.5636,-4.594,-0.21083,-0.97752,0.28785,-0.95768,0.14904
2.5021,-2.4102,-0.36168,-0.9323,0.45618,-0.88989,-3.4743
0.34864,0.43664,-0.4095,-0.91231,0.4948,-0.86901,-3.4979
-1.8209,3.2158,-0.37744,-0.92603,0.41335,-0.91057,-3.4997
-4.9592,7.927,-0.22513,-0.97433,0.17014,-0.98542,-3.4956
-7.0342,10.714,0.09409,-0.99556,-0.35822,-0.93364,-3.4408
-5.7894,6.4534,0.38798,-0.92167,-0.68752,-0.72617,-3.4867
-5.6737,2.8757,0.64154,-0.76709,-0.8481,-0.52983,-3.4855
-6.371,-1.2792,0.83977,-0.54295,-0.85781,-0.51397,-3.3837
-7.0757,-5.9563,0.96772,-0.25203,-0.7689,-0.63936,-1.8709
-6.3261,-9.0319,0.9961,0.088189,-0.46247,-0.88663,-2.7028
-4.694,-10.322,0.92699,0.37508,0.0021865,-1,-2.9684
-2.6847,-10.298,0.84669,0.53208,0.49656,-0.868,-3.3567
-0.90396,-9.924,0.79549,0.60597,0.86017,-0.51001,-3.4702
0.28186,-9.5019,0.7833,0.62165,0.99873,-0.050431,-3.4494
0.36775,-8.1481,0.80784,0.5894,0.92498,0.38002,-3.4605
-0.84412,-5.1322,0.78954,0.6137,0.75407,0.6568,-3.4844
-2.1875,-2.1217,0.737,0.67589,0.60989,0.79249,-3.4285
-3.53,0.85102,0.63965,0.76867,0.58107,0.81386,-2.5752
-4.5568,3.1392,0.47486,0.88006,0.66218,0.74934,0.013652
-3.9624,2.8542,0.2923,0.95633,0.76473,0.64435,1.5821
-3.0596,2.4758,0.11099,0.99382,0.8438,0.53666,2.576
-2.1833,2.6311,-0.011309,0.99994,0.89936,0.43722,2.7378
-1.3651,3.3881,-0.097762,0.99521,0.95598,0.29343,2.519
-0.47927,4.7117,-0.14941,0.98878,0.99756,0.069762,1.7387
0.56374,6.4976,-0.17048,0.98536,0.98259,-0.1858,0.12143
1.7992,8.6517,-0.096416,0.99534,0.84902,-0.52835,-2.2204
2.7062,10.463,0.02943,0.99957,0.50052,-0.86573,-3.126
2.5196,10.392,0.14048,0.99008,0.012298,-0.99992,-3.1403
0.55746,7.1062,0.2152,0.97657,-0.43287,-0.90146,-1.9717
-1.0518,4.0264,0.20694,0.97835,-0.65558,-0.75513,0.59545
-1.1423,2.922,0.16392,0.98647,-0.78085,-0.62472,1.261
-0.92939,1.9699,0.10957,0.99398,-0.85442,-0.51959,1.5165
-0.62603,0.99571,0.09937,0.99505,-0.88915,-0.45761,1.2975
-0.36066,-0.12373,0.04544,0.99897,-0.8882,-0.45945,1.4065
-0.10623,-1.2567,0.049887,0.99875,-0.88218,-0.47091,1.09
-0.028026,-2.4825,0.0073416,0.99997,-0.84022,-0.54224,1.3249
-0.024602,-3.6265,0.033709,0.99943,-0.74173,-0.6707,1.0727
-0.23087,-4.8683,0.038135,0.99927,-0.57721,-0.8166,1.2325
-0.37523,-5.7586,0.03045,0.99954,-0.34424,-0.93888,1.3448
-0.0010026,-5.4913,-0.004442,0.99999,-0.080647,-0.99674,0.87378
0.7271,-4.3294,0.014611,0.99989,0.17829,-0.98398,-0.65031
0.87919,-3.6966,0.05238,0.99863,0.36967,-0.92916,-1.3717
0.87161,-3.0859,0.083632,0.9965,0.52183,-0.85305,-1.7764
0.74753,-2.3692,0.14117,0.98999,0.64429,-0.76478,-2.2413
0.51533,-1.6448,0.18096,0.98349,0.7047,-0.70951,-2.3891
0.15972,-0.84349,0.17281,0.98496,0.76455,-0.64456,-1.9657
-0.041099,0.12973,0.18865,0.98204,0.7795,-0.62641,-1.9054
-0.21337,1.127,0.18317,0.98308,0.74031,-0.67227,-1.6182
-0.24711,2.1693,0.16576,0.98617,0.6974,-0.71668,-1.3964
-0.12956,3.2327,0.14877,0.98887,0.59115,-0.80656,-1.3725
0.086548,4.2286,0.17176,0.98514,0.41291,-0.91077,-1.8024
0.029789,4.6246,0.14524,0.9894,0.20955,-0.9778,-1.3278
-0.10925,4.5556,0.17195,0.98511,-0.0055719,-0.99998,-1.177
-0.66323,3.5981,0.13775,0.99047,-0.22304,-0.97481,0.21165
-0.62589,3.1441,0.1184,0.99297,-0.36676,-0.93031,0.46559
-0.69384,2.4347,0.099591,0.99503,-0.52406,-0.85168,0.90153
-0.60519,1.6979,0.035282,0.99938,-0.57805,-0.816,1.3517
0.0026546,-0.029055,0.014606,-0.99989,-0.0076905,-0.99997,3.4982
2.3282,-3.4479,-0.051931,-0.99865,0.082275,-0.99661,3.4574
3.581,-4.7911,-0.22173,-0.97511,0.28684,-0.95798,-0.12281
2.4177,-2.4432,-0.35858,-0.9335,0.46465,-0.8855,-3.4487
0.26112,0.38544,-0.42344,-0.90593,0.50462,-0.86334,-3.4838
-1.9205,3.1706,-0.3822,-0.92408,0.40603,-0.91386,-3.4999
-5.0827,7.9569,-0.21966,-0.97558,0.17167,-0.98515,-3.4915
-7.0285,10.521,0.11393,-0.99349,-0.3333,-0.94282,-3.4471
-5.8145,6.317,0.42496,-0.90521,-0.69388,-0.72009,-3.489
-5.7026,2.699,0.65951,-0.7517,-0.83421,-0.55144,-3.4945
-6.3704,-1.442,0.85401,-0.52026,-0.84998,-0.52682,-3.3905
-7.0696,-6.0534,0.97603,-0.21764,-0.74186,-0.67055,-2.2338
-6.354,-9.2253,0.99022,0.13948,-0.42691,-0.90429,-2.9487
-4.724,-10.531,0.9176,0.3975,0.065396,-0.99786,-3.268
-2.6973,-10.58,0.82114,0.57073,0.55316,-0.83308,-3.3736
-0.84901,-10.265,0.78498,0.61952,0.8955,-0.44507,-3.4053
0.38315,-9.9504,0.77761,0.62874,0.99931,0.037094,-3.4051
0.33031,-8.4756,0.78583,0.61845,0.87856,0.47764,-3.4397
-0.98442,-5.3764,0.77702,0.62948,0.66164,0.74982,-3.4651
-2.2494,-2.6404,0.72256,0.6913,0.48191,0.87622,-3.4022
-3.4599,-0.053294,0.62646,0.77945,0.44189,0.89707,-2.6743
-4.5602,2.3606,0.46002,0.88791,0.46907,0.88316,0.25806
-3.9318,1.9626,0.27083,0.96263,0.56688,0.8238,1.9626
-2.8057,0.96113,0.084619,0.99641,0.62009,0.78453,2.6346
-1.8402,0.50104,-0.022379,0.99975,0.64827,0.76141,2.4668
-1.1649,0.69384,-0.10943,0.99399,0.66651,0.74549,2.3086
-0.7533,1.2243,-0.13754,0.9905,0.69916,0.71497,1.8761
-0.473,2.0617,-0.18235,0.98323,0.75819,0.65203,1.7273
-0.21937,3.0486,-0.19087,0.98162,0.83616,0.54848,1.2064
0.035092,4.2298,-0.19206,0.98138,0.92528,0.37929,0.58111
0.40034,5.601,-0.19087,0.98162,0.99041,0.13813,-0.17043
1.0197,7.2213,-0.15714,0.98758,0.98584,-0.16768,-1.4332
1.8812,9.0637,-0.073063,0.99733,0.8296,-0.55836,-2.5845
2.7513,10.797,0.034685,0.9994,0.47336,-0.88087,-2.9363
2.7205,10.875,0.19166,0.98146,-0.066747,-0.99777,-2.8017
0.85624,7.6541,0.25057,0.9681,-0.4924,-0.87037,-1.5063
-0.53886,4.8144,0.285,0.95853,-0.74327,-0.66899,0.13423
-0.84605,3.278,0.24127,0.97046,-0.87034,-0.49244,0.96212
-0.67534,2.1435,0.21691,0.97619,-0.93017,-0.36713,0.91452
-0.4888,0.92796,0.18961,0.98186,-0.95472,-0.2975,0.8749
-0.23162,-0.30909,0.16549,0.98621,-0.95878,-0.28416,0.72159
-0.078711,-1.5856,0.17398,0.98475,-0.9378,-0.34716,0.42926
-0.16932,-3.003,0.14846,0.98892,-0.89417,-0.44772,0.92054
-0.25271,-4.3375,0.14075,0.99005,-0.80471,-0.59367,1.1483
-0.39602,-5.5896,0.1329,0.99113,-0.62675,-0.77922,1.3513
-0.36366,-6.2973,0.087048,0.9962,-0.34627,-0.93814,1.5188
0.39458,-5.4662,0.10138,0.99485,-0.078329,-0.99693,-0.41906
0.63639,-5.0293,0.10075,0.99491,0.19487,-0.98083,-1.3186
0.7778,-4.4149,0.16602,0.98612,0.42005,-0.9075,-2.5771
0.52463,-3.9499,0.18783,0.9822,0.59046,-0.80707,-2.7384
0.30383,-3.1966,0.19695,0.98041,0.73557,-0.67745,-2.8142
-0.018994,-2.2574,0.20365,0.97904,0.82054,-0.57159,-2.7167
-0.45591,-1.2379,0.20551,0.97865,0.86729,-0.49781,-2.3727
-0.81018,-0.14486,0.15644,0.98769,0.88324,-0.46892,-1.4179
-0.9052,1.0407,0.12824,0.99174,0.87117,-0.49099,-0.99898
-0.84286,2.2973,0.071227,0.99746,0.82183,-0.56973,-0.32898
-0.40761,3.7936,0.047306,0.99888,0.711,-0.70319,-0.70134
0.12247,5.3206,0.043124,0.99907,0.55626,-0.83101,-1.1916
0.49447,6.4569,0.069367,0.99759,0.29675,-0.95495,-1.3521
0.27414,6.3238,0.091045,0.99585,-0.022667,-0.99974,-0.60967
0.079873,-0.005828,0.01471,-0.99989,0.014341,-0.9999,3.496
2.3905,-3.4104,-0.056181,-0.99842,0.10631,-0.99433,3.3596
3.5969,-4.578,-0.19632,-0.98054,0.3076,-0.95151,0.11199
2.5343,-2.3436,-0.34566,-0.93836,0.45967,-0.88809,-3.4278
0.41675,0.49434,-0.40817,-0.91291,0.51543,-0.85693,-3.4793
-1.7589,3.2492,-0.35934,-0.93321,0.44124,-0.89739,-3.4966
-4.8946,7.9331,-0.23746,-0.9714,0.17873,-0.9839,-3.4759
-6.971,10.737,0.091899,-0.99577,-0.34314,-0.93928,-3.4443
-5.7316,6.5525,0.38475,-0.92302,-0.69986,-0.71428,-3.478
-5.605,3.0167,0.63549,-0.77211,-0.84741,-0.53094,-3.4866
-6.2595,-1.0513,0.82845,-0.56006,-0.87677,-0.4809,-3.4444
-7.049,-5.7516,0.96419,-0.26521,-0.79135,-0.61136,-2.427
-6.5605,-9.1512,0.99519,0.097938,-0.49787,-0.86725,-2.9766
-5.0152,-10.707,0.92076,0.39013,-0.0067964,-0.99998,-3.2007
-2.8972,-10.768,0.83917,0.54387,0.50403,-0.86368,-3.4261
-0.99939,-10.447,0.78644,0.61766,0.8733,-0.48718,-3.0722
0.52654,-10.326,0.77658,0.63002,1,0.00040707,-2.6835
1.1434,-9.7583,0.79487,0.60677,0.86712,0.4981,-3.1962
-0.12596,-6.8028,0.81717,0.5764,0.59333,0.80496,-3.2012
-1.1634,-4.6768,0.78683,0.61717,0.35165,0.93613,-3.4567
-1.9424,-3.2386,0.75247,0.65862,0.15415,0.98805,-3.4421
-2.61,-2.1077,0.67159,0.74092,0.023581,0.99972,-2.9852
-3.1569,-1.121,0.54949,0.8355,-0.047963,0.99885,-1.8656
-3.35,-0.5319,0.4132,0.91064,-0.096805,0.9953,-0.53396
-3.0949,-0.71095,0.26781,0.96347,-0.12599,0.99203,1.1048
-1.998,-2.3339,0.1298,0.99154,-0.20993,0.97772,2.4138
-0.32322,-5.0007,0.089275,0.99601,-0.37507,0.92699,1.9573
0.49621,-6.7523,0.090906,0.99586,-0.63641,0.77135,1.5989
0.48445,-7.8804,0.12097,0.99266,-0.87667,0.4811,1.5272
-0.14597,-9.1264,0.11993,0.99278,-0.99585,0.091047,2.3368
-1.3025,-11.046,0.089028,0.99603,-0.91721,-0.39841,3.1568
-3.0078,-13.629,-0.0095167,0.99995,-0.51198,-0.859,3.1227
-3.4169,-14.185,-0.1798,0.9837,0.17584,-0.98442,2.142
-0.95448,-10.053,-0.30326,0.95291,0.70765,-0.70657,3.3707
1.6552,-5.824,-0.27822,0.96052,0.91703,-0.39881,1.594
2.5973,-4.0481,-0.1685,0.9857,0.9888,-0.14926,-1.9349
2.193,-3.1178,-0.060442,0.99817,0.99953,0.030652,-2.761
1.4267,-1.7929,0.037614,0.99929,0.98697,0.16093,-2.8507
0.51755,-0.055718,0.07696,0.99703,0.98166,0.19063,-2.336
-0.23892,1.6848,0.10036,0.99495,0.99044,0.13796,-1.5951
-0.61771,3.2564,0.076758,0.99705,0.9992,0.039988,-0.85142
-0.5088,4.7026,0.04129,0.99915,0.98668,-0.16265,-0.93439
-0.051353,6.2888,0.04703,0.99889,0.90022,-0.43544,-1.8925
0.52952,8.0219,0.046063,0.99894,0.69182,-0.72207,-2.5972
1.0742,9.3733,0.084272,0.99644,0.34839,-0.93735,-3.0313
0.15821,8.1244,0.11347,0.99354,-0.10309,-0.99467,-1.7082
-1.3406,5.5356,0.08791,0.99613,-0.44067,-0.89767,1.7631
-1.2164,4.9644,0.017436,0.99985,-0.66276,-0.74883,2.4056
-0.96884,4.1504,-0.027123,0.99963,-0.82404,-0.56654,2.6367
-0.62161,3.1456,-0.0774,0.997,-0.91702,-0.39884,2.8091
-0.10104,2.0147,-0.10188,0.9948,-0.95689,-0.29047,2.6402
0.45593,0.7474,-0.066715,0.99777,-0.97081,-0.23984,1.8206
0.89145,-0.57634,-0.059391,0.99823,-0.97445,-0.22462,1.2627
1.1037,-1.851,0.010822,0.99994,-0.95555,-0.29483,0.1521
0.82323,-3.3247,0.057889,0.99832,-0.91569,-0.40189,0.21714
0.38856,-4.9393,0.095028,0.99547,-0.81587,-0.57823,0.52031
-0.28757,-6.7635,0.084839,0.99639,-0.61109,-0.79156,1.6564
-0.29794,-7.4699,0.063144,0.998,-0.29836,-0.95445,1.5018
0.64291,-6.208,0.065719,0.99784,0.057117,-0.99837,-1.0444
0.80595,-5.6556,0.11168,0.99374,0.34199,-0.93971,-2.2747
0.040513,0.11123,-0.016551,-0.99986,-0.0033317,-0.99999,3.4886
2.2624,-3.1776,-0.08363,-0.9965,0.09222,-0.99574,3.3568
3.45,-4.3824,-0.22968,-0.97327,0.27824,-0.96051,0.45102
2.5492,-2.3696,-0.36305,-0.93177,0.44085,-0.89758,-3.3991
0.38514,0.45654,-0.42396,-0.90568,0.4659,-0.88484,-3.5
-1.862,3.2553,-0.4015,-0.91586,0.37779,-0.92589,-3.476
-5.0203,8.008,-0.25723,-0.96635,0.14796,-0.98899,-3.4869
-6.9725,10.543,0.080816,-0.99673,-0.36912,-0.92938,-3.4268
-5.7901,6.3252,0.37848,-0.92561,-0.70984,-0.70437,-3.4667
-5.7328,2.686,0.64069,-0.7678,-0.85875,-0.51239,-3.4286
-6.4332,-1.5166,0.83803,-0.54562,-0.87277,-0.48812,-3.3439
-7.089,-6.2113,0.96589,-0.25897,-0.76292,-0.6465,-1.7223
-6.1955,-9.177,0.99602,0.089151,-0.46818,-0.88363,-3.0522
-4.577,-10.446,0.93863,0.34492,0.030691,-0.99953,-3.3491
-2.5603,-10.499,0.85907,0.51186,0.52105,-0.85353,-3.3276
-0.70266,-10.273,0.80206,0.59725,0.8795,-0.47591,-2.7702
0.88174,-10.359,0.8117,0.58407,0.99992,0.012573,-2.6589
1.3052,-9.5125,0.84268,0.53842,0.85857,0.51269,-3.3442
-0.1176,-6.3969,0.86597,0.50009,0.6149,0.78861,-3.1285
-0.96361,-4.5523,0.85517,0.51835,0.38419,0.92325,-3.4485
-1.6035,-3.3192,0.81383,0.58111,0.17496,0.98458,-2.2274
-1.6119,-3.0217,0.76372,0.64554,0.042527,0.9991,-1.3451
-1.2517,-3.2658,0.71333,0.70082,-0.13229,0.99121,-1.4061
-1.0039,-3.7129,0.69001,0.7238,-0.28573,0.95831,-1.5645
-0.91631,-4.2625,0.65698,0.7539,-0.48582,0.87406,-1.8175
-1.0726,-4.9824,0.59655,0.80257,-0.66841,0.74379,-1.6389
-1.4477,-5.9398,0.55262,0.83344,-0.83744,0.54653,-0.63327
-1.9077,-7.1711,0.50844,0.8611,-0.97339,0.22914,0.84051
-2.4747,-8.6584,0.39471,0.9188,-0.98893,-0.14839,2.6391
-2.8675,-10.03,0.28051,0.95985,-0.81232,-0.58322,2.9995
-2.9654,-10.771,0.12972,0.99155,-0.42497,-0.90521,3.094
-1.4438,-8.6904,0.0054871,0.99998,0.051726,-0.99866,2.5219
0.79639,-5.0677,-0.0076232,0.99997,0.4021,-0.9156,-1.2324
0.90637,-4.1931,0.051947,0.99865,0.59835,-0.80123,-2.4087
0.6222,-3.5354,0.059572,0.99822,0.74152,-0.67093,-2.3456
0.3274,-2.5936,0.11836,0.99297,0.8426,-0.53855,-2.6575
-0.13103,-1.6109,0.099452,0.99504,0.89471,-0.44664,-2.0401
-0.46201,-0.45477,0.079054,0.99687,0.90552,-0.42431,-1.4696
-0.65772,0.76441,0.039205,0.99923,0.91142,-0.41148,-0.90799
-0.67605,2.0577,0.028164,0.9996,0.87567,-0.48291,-0.91948
-0.57567,3.3703,0.0078981,0.99997,0.80934,-0.58734,-0.98746
-0.32378,4.7059,-0.051009,0.9987,0.6782,-0.73488,-0.62076
0.20211,6.2168,-0.050014,0.99875,0.41676,-0.90901,-1.0782
0.204,6.659,-0.019758,0.9998,0.14042,-0.99009,-0.92778
-0.5796,5.4538,-0.043428,0.99906,-0.16461,-0.98636,1.546
-0.41981,5.2321,-0.042813,0.99908,-0.44597,-0.89505,1.6581
-0.54117,4.3336,-0.081064,0.99671,-0.61573,-0.78796,2.3861
-0.31995,3.4854,-0.089786,0.99596,-0.774,-0.63318,2.3402
-0.060438,2.4715,-0.12734,0.99186,-0.85896,-0.51204,2.4121
0.32841,1.375,-0.090907,0.99586,-0.90532,-0.42474,1.6696
0.55479,0.16228,-0.085358,0.99635,-0.91337,-0.40712,1.2999
0.73752,-1.0807,-0.043347,0.99906,-0.92033,-0.39113,0.66621
0.62325,-2.4349,-0.023369,0.99973,-0.86398,-0.50353,0.60102
0.34479,-3.8792,0.019442,0.99981,-0.78493,-0.61958,0.64072
-0.16414,-5.4357,0.034386,0.99941,-0.62531,-0.78037,1.1547
-0.50848,-6.6263,0.0097438,0.99995,-0.3667,-0.93034,1.6022
-0.10089,-6.3278,-0.034323,0.99941,-0.034172,-0.99942,1.1248
0.85159,-4.7241,-0.0008483,1,0.23147,-0.97284,-1.2434
0.77614,-4.3149,0.035839,0.99936,0.46456,-0.88554,-1.9095
0.64549,-3.7068,0.07032,0.99752,0.63854,-0.76959,-2.3764
-0.089571,0.16448,0.025999,-0.99966,-0.02144,-0.99977,3.4996
2.2464,-3.2959,-0.046287,-0.99893,0.092134,-0.99575,3.2648
3.4893,-4.6425,-0.19742,-0.98032,0.28169,-0.95951,0.2656
2.4982,-2.5286,-0.34127,-0.93996,0.44613,-0.89497,-3.1733
0.43379,0.29474,-0.38925,-0.92113,0.47828,-0.87821,-3.4996
-1.7645,3.0891,-0.39036,-0.92066,0.42525,-0.90508,-3.4992
-4.8748,7.757,-0.20874,-0.97797,0.17891,-0.98387,-3.4539
-6.9707,10.579,0.11955,-0.99283,-0.34419,-0.9389,-3.1373
-5.6575,6.3708,0.40602,-0.91386,-0.68055,-0.7327,-3.3542
-5.4608,2.9644,0.63644,-0.77133,-0.8464,-0.53255,-3.4092
-6.0769,-0.90906,0.82493,-0.56524,-0.86822,-0.49618,-3.3313
-6.7324,-5.3128,0.96563,-0.25991,-0.77208,-0.63553,-2.534
-6.3324,-8.6408,0.99878,0.049359,-0.50634,-0.86233,-2.9371
-4.9071,-10.209,0.93932,0.34303,-0.044959,-0.99899,-3.2316
-2.9625,-10.374,0.86242,0.50619,0.44729,-0.89439,-3.1805
-1.0878,-10.077,0.80373,0.595,0.83901,-0.54411,-2.0111
0.83899,-10.273,0.81139,0.5845,0.99551,-0.094701,-1.7387
2.236,-10.742,0.85176,0.52394,0.90183,0.43209,-3.1569
0.85158,-7.6296,0.88318,0.46904,0.60941,0.79285,-3.4087
-0.23163,-5.5141,0.90434,0.42681,0.32967,0.94409,-3.4448
-0.8837,-4.5946,0.88783,0.46017,0.10454,0.99452,-3.4332
-1.3462,-4.2015,0.85331,0.52141,-0.10938,0.994,-3.3121
-1.7423,-4.1596,0.81313,0.58209,-0.32961,0.94412,-3.0836
-2.0851,-4.3998,0.75671,0.65376,-0.51582,0.8567,-3.2551
-2.6389,-4.7678,0.66554,0.74636,-0.69937,0.71476,-3.3562
-3.4434,-5.1942,0.55659,0.83079,-0.84981,0.52708,-1.755
-3.9991,-5.5854,0.3953,0.91855,-0.96243,0.27152,2.0009
-3.7018,-5.8873,0.2083,0.97806,-0.99999,-0.0046487,3.2017
-3.3331,-6.3139,0.025204,0.99968,-0.95179,-0.30675,3.0631
-3.2879,-6.8842,-0.13343,0.99106,-0.79933,-0.60089,2.4341
-3.7179,-7.5042,-0.29065,0.95683,-0.52807,-0.8492,0.97064
-4.937,-8.3497,-0.51303,0.85837,-0.16543,-0.98622,-0.15714
-6.6414,-8.9473,-0.733,0.68023,0.26669,-0.96378,0.96239
-7.4247,-7.4633,-0.91683,0.39928,0.62584,-0.77995,1.2903
-7.4065,-4.3566,-0.99975,0.022411,0.83407,-0.55166,0.8002
-7.1332,-0.33298,-0.95099,-0.30923,0.89375,-0.44856,0.53742
-7.1324,4.1342,-0.77159,-0.63612,0.85272,-0.52238,2.3087
-8.0377,9.4821,-0.49601,-0.86832,0.62793,-0.77827,1.2736
-12.401,18.869,0.00095238,-1,-0.024828,-0.99969,0.53021
-7.3778,8.791,0.45128,-0.89238,-0.66193,-0.74957,0.90113
-5.5234,4.4595,0.72256,-0.69131,-0.85882,-0.51228,0.54999
-4.7503,1.933,0.87243,-0.48873,-0.92929,-0.36935,-2.9631
-5.5897,-1.735,0.96522,-0.26145,-0.92677,-0.37563,-3.3751
-6.7161,-5.9736,0.99871,0.050873,-0.85086,-0.52539,-2.2922
-6.6927,-8.7313,0.92655,0.37618,-0.58646,-0.80998,-0.56091
-5.0902,-8.9344,0.77875,0.62734,-0.16304,-0.98662,-1.7819
-3.6929,-8.4885,0.62776,0.7784,0.2218,-0.97509,-2.8422
-2.7155,-7.7788,0.48365,0.87526,0.61174,-0.79106,-3.026
-2.1032,-6.8238,0.39425,0.919,0.86612,-0.49984,-2.6909
-1.7895,-5.6889,0.29559,0.95531,0.97431,-0.2252,-1.5386
-1.5683,-4.485,0.19336,0.98113,0.99914,0.04142,-0.32322
-1.3348,-3.25,0.13658,0.99063,0.97819,0.20769,-0.038834
-1.2932,-1.9956,0.06983,0.99756,0.94079,0.339,0.37234
-1.299,-0.74305,0.0050836,0.99999,0.91009,0.4144,0.66969
-1.2859,0.47867,-0.062959,0.99802,0.89976,0.43639,0.87272
-1.2552,1.7206,-0.12189,0.99254,0.93148,0.3638,0.94044
-1.121,2.9683,-0.1757,0.98444,0.96387,0.26636,0.90186
-0.79774,4.3447,-0.21901,0.97572,0.9967,0.081187,0.6355
-0.19446,6.062,-0.23927,0.97095,0.98267,-0.18535,-0.012616
0.77909,8.2744,-0.24184,0.97032,0.85504,-0.51856,-0.83845
0.017341,0.28328,-0.011416,-0.99993,0.017328,-0.99985,3.494
2.2767,-3.0317,-0.053734,-0.99856,0.10536,-0.99443,3.4796
3.5702,-4.3967,-0.21464,-0.97669,0.28513,-0.95849,0.51767
2.6847,-2.3822,-0.36575,-0.93071,0.43392,-0.90095,-3.4196
0.50767,0.48481,-0.42468,-0.90534,0.47232,-0.88143,-3.4931
-1.7045,3.2521,-0.41334,-0.91058,0.40477,-0.91442,-3.4838
-4.845,7.8803,-0.24219,-0.97023,0.14515,-0.98941,-3.4317
-6.9763,10.694,0.061042,-0.99814,-0.37265,-0.92797,-3.2968
-5.7004,6.4925,0.36664,-0.93036,-0.72782,-0.68576,-3.4242
-5.626,2.919,0.59535,-0.80347,-0.86828,-0.49607,-3.3906
-6.2849,-1.1697,0.81845,-0.57458,-0.89245,-0.45114,-3.3782
-7.0109,-5.8403,0.96059,-0.27795,-0.78225,-0.62296,-1.8668
-6.2844,-8.9735,0.99868,0.051373,-0.50314,-0.86421,-2.9058
-4.7031,-10.373,0.94748,0.31982,-0.04266,-0.99909,-3.291
-2.6856,-10.486,0.87809,0.47849,0.47589,-0.8795,-3.32
-0.80832,-10.23,0.82631,0.56321,0.8522,-0.52322,-2.6416
0.90565,-10.374,0.83425,0.55139,0.99885,-0.047884,-2.5365
1.5947,-9.9158,0.87875,0.47729,0.89755,0.4409,-3.2219
0.25311,-6.8308,0.89047,0.45504,0.64494,0.76423,-3.1553
-0.64052,-4.8995,0.87936,0.47616,0.40396,0.91478,-3.3237
-1.2249,-3.8226,0.87006,0.49295,0.17982,0.9837,-3.4765
-1.6441,-3.1685,0.81516,0.57924,0.0299,0.99955,-3.4338
-2.0442,-2.7233,0.76062,0.6492,-0.12716,0.99188,-3.2498
-2.3574,-2.4449,0.68058,0.73267,-0.26792,0.96344,-3.1812
-2.7254,-2.2094,0.5925,0.80557,-0.36564,0.93076,-3.1934
-3.2634,-1.8534,0.46008,0.88788,-0.47222,0.88148,-2.8564
-3.8318,-1.2998,0.3135,0.94959,-0.54279,0.83987,-0.79982
-3.8485,-1.3269,0.11213,0.99369,-0.58327,0.81228,2.9032
-2.441,-3.3508,-0.030039,0.99955,-0.67387,0.73885,3.1647
-1.2506,-5.6024,-0.12388,0.9923,-0.83128,0.55585,3.01
-0.78667,-7.2446,-0.17017,0.98542,-0.96006,0.27979,2.8851
-1.1315,-8.5323,-0.20279,0.97922,-0.99377,-0.11145,2.8338
-2.1828,-9.8716,-0.29033,0.95693,-0.82824,-0.56037,2.3659
-4.0386,-11.484,-0.43245,0.90166,-0.44811,-0.89398,0.84663
-6.8268,-13.337,-0.66648,0.74552,0.15997,-0.98712,1.338
-8.6411,-13.299,-0.89856,0.43886,0.74269,-0.66963,2.3724
-8.6406,-10.978,-0.99962,0.027681,0.99092,-0.13447,0.43319
-9.5605,-10.483,-0.90893,-0.41694,0.91275,0.40852,-1.5223
-11.552,-12.261,-0.58093,-0.81396,0.55812,0.82976,2.5192
-10.275,-10.138,-0.061904,-0.99808,0.038073,0.99927,-2.469
-11.816,-13.035,0.49572,-0.86848,-0.51435,0.85758,-1.7276
-12.184,-15.755,0.8895,-0.45694,-0.95704,0.28994,-1.2071
-10.735,-17.829,0.99266,0.1209,-0.85553,-0.51775,2.635
-5.0462,-14.49,0.87862,0.47751,-0.21349,-0.97695,2.7066
-0.098946,-11.335,0.81235,0.58317,0.42964,-0.903,-2.6325
2.2236,-10.787,0.84337,0.53734,0.82007,-0.57226,-2.2204
4.7263,-12.554,0.92077,0.3901,0.99947,-0.032686,0.64152
5.8888,-12.67,0.99549,0.094866,0.78973,0.61345,2.1339
5.1821,-9.367,0.98343,-0.18131,0.36849,0.92963,-2.382
4.2946,-7.6307,0.92229,-0.38651,-0.044858,0.99899,-2.8534
3.5372,-7.8531,0.83557,-0.54938,-0.41561,0.90954,-2.3512
2.6826,-9.747,0.73444,-0.67867,-0.75331,0.65766,-3.4023
2.6029,-11.349,0.64866,-0.76108,-0.98485,0.1734,-2.5004
4.5674,-12.313,0.51448,-0.85751,-0.91603,-0.40112,-2.9979
8.6685,-18.537,0.22093,-0.97529,-0.41945,-0.90778,-2.35
6.5066,-15.443,-0.26009,-0.96559,0.52791,-0.8493,-2.6306
1.9661,-10.849,-0.44378,-0.89613,0.92274,-0.38542,-2.9312
-1.5285,-11.116,-0.44435,-0.89585,0.98527,0.17102,3.1937
-2.2378,-10.361,-0.3399,-0.94046,0.77114,0.63666,0.46978
-3.1719,-10.633,-0.22993,-0.97321,0.35337,0.93548,-2.0107
-0.061439,0.022846,-0.016278,-0.99987,-0.018906,-0.99982,3.4999
2.2286,-3.3896,-0.064959,-0.99789,0.071484,-0.99744,3.1622
3.3784,-4.5855,-0.19546,-0.98071,0.27602,-0.96115,0.18677
2.3622,-2.432,-0.33821,-0.94107,0.45198,-0.89203,-3.1539
0.30989,0.33093,-0.39957,-0.9167,0.49271,-0.8702,-3.4999
-1.9002,3.1835,-0.37515,-0.92696,0.4039,-0.9148,-3.4925
-5.0604,7.9714,-0.20275,-0.97923,0.15203,-0.98838,-3.4744
-6.9116,10.346,0.12407,-0.99227,-0.33859,-0.94093,-3.0964
-5.6253,6.1368,0.41365,-0.91044,-0.69899,-0.71514,-3.452
-5.508,2.7239,0.63791,-0.77011,-0.83424,-0.5514,-3.4612
-6.1382,-1.2019,0.83667,-0.54771,-0.85316,-0.52165,-3.3939
-6.7873,-5.6329,0.97161,-0.23659,-0.76363,-0.64566,-2.6543
-6.3297,-8.9097,0.99718,0.075026,-0.46888,-0.88326,-2.9915
-4.8017,-10.357,0.93647,0.35075,-0.0018187,-1,-3.26
-2.7784,-10.485,0.84939,0.52776,0.50778,-0.86149,-3.4134
-0.94624,-10.198,0.79636,0.60482,0.87147,-0.49044,-3.0431
0.49167,-10.093,0.79694,0.60406,0.99974,-0.02273,-2.5357
1.174,-9.5489,0.82426,0.56621,0.87867,0.47743,-3.3966
-0.24205,-6.432,0.83662,0.54778,0.6418,0.76687,-2.9687
-1.0867,-4.431,0.82004,0.57231,0.39931,0.91682,-3.471
-1.8686,-2.9166,0.77206,0.63555,0.22731,0.97382,-3.4324
-2.4974,-1.6616,0.69234,0.72157,0.14133,0.98996,-3.1084
-3.1174,-0.45342,0.5907,0.80689,0.070194,0.99753,-2.4979
-3.7302,0.85497,0.45886,0.88851,0.069669,0.99757,-1.4554
-4.1654,1.9426,0.26024,0.96554,0.15762,0.9875,0.83333
-3.4303,1.092,0.086214,0.99628,0.2213,0.97521,2.2096
-2.1551,-0.53084,-0.053317,0.99858,0.23229,0.97265,2.599
-0.95522,-1.9913,-0.12745,0.99184,0.16031,0.98707,2.5739
0.30576,-3.6549,-0.1397,0.99019,0.0084618,0.99996,2.2195
1.5982,-5.6929,-0.1156,0.9933,-0.19194,0.98141,1.4879
2.1816,-7.0179,-0.016378,0.99987,-0.50354,0.86397,0.68893
1.9071,-7.4568,0.08806,0.99612,-0.77128,0.6365,0.39697
1.1878,-8.2029,0.1848,0.98278,-0.95547,0.29508,0.57349
0.0075586,-9.8593,0.19663,0.98048,-0.98935,-0.14556,1.7562
-1.7359,-12.673,0.15135,0.98848,-0.76278,-0.64665,2.852
-2.8199,-14.626,0.042271,0.99911,-0.18337,-0.98304,3.0485
0.069826,-10.184,-0.038335,0.99926,0.46616,-0.8847,0.568
1.9257,-7.132,0.0076352,0.99997,0.78362,-0.62125,-2.5382
2.1339,-5.9744,0.11639,0.9932,0.94515,-0.32663,-3.1471
1.956,-4.868,0.21687,0.9762,0.9978,-0.066246,-3.3157
1.3919,-3.3353,0.29652,0.95503,0.99312,0.11708,-3.3902
0.40426,-1.2125,0.34455,0.93877,0.96578,0.25937,-3.3886
-0.73627,1.178,0.32637,0.94524,0.969,0.24705,-2.7164
-1.4833,3.1112,0.27998,0.96001,0.98718,0.15961,-1.1237
-1.4376,4.4157,0.21912,0.9757,0.99926,-0.038469,-0.72707
-0.97532,5.7429,0.15761,0.9875,0.9518,-0.30671,-1.214
-0.24217,7.3967,0.11898,0.9929,0.81893,-0.57389,-2.1292
0.66632,9.3025,0.12617,0.99201,0.48866,-0.87248,-3.0472
0.84657,9.8815,0.16509,0.98628,0.046316,-0.99893,-3.1685
-1.0353,6.8209,0.15823,0.9874,-0.37928,-0.92528,-0.26236
-1.8131,5.0539,0.094126,0.99556,-0.63529,-0.77228,2.0411
-1.6099,4.3959,0.020572,0.99979,-0.79034,-0.61266,2.4754
-1.3014,3.469,-0.072189,0.99739,-0.90955,-0.41559,2.6978
-0.85959,2.3378,-0.10232,0.99475,-0.95463,-0.29778,2.5391
-0.36966,1.0628,-0.15289,0.98824,-0.97564,-0.21938,2.3928
0.17271,-0.34372,-0.13602,0.99071,-0.98194,-0.18921,1.8817
0.52074,-1.7279,-0.11747,0.99308,-0.96855,-0.24884,1.4647
0.62965,-3.0848,-0.10522,0.99445,-0.93682,-0.34982,1.3115
0.46893,-4.4476,-0.057976,0.99832,-0.85935,-0.5114,1.27
0.053646,-5.9924,-0.057004,0.99837,-0.67756,-0.73547,1.639
-0.035736,-0.15617,-0.003687,-0.99999,0.011916,-0.99993,3.4984
2.1963,-3.4025,-0.049191,-0.99879,0.092191,-0.99574,2.7653
3.0856,-4.1547,-0.21046,-0.9776,0.29263,-0.95623,0.25132
2.1596,-2.2291,-0.33335,-0.9428,0.4415,-0.89726,-2.9692
0.18365,0.50767,-0.38447,-0.92314,0.48115,-0.87664,-3.5
-2.0699,3.5186,-0.35654,-0.93428,0.40009,-0.91648,-3.4958
-5.3575,8.6348,-0.16036,-0.98706,0.12172,-0.99256,-3.3145
-6.5433,9.7108,0.17522,-0.98453,-0.3591,-0.9333,-2.8088
-5.3138,5.7492,0.44388,-0.89608,-0.69624,-0.71781,-3.4566
-5.2846,2.5471,0.63709,-0.77079,-0.84167,-0.53999,-3.4195
-5.8914,-1.1759,0.83384,-0.552,-0.85497,-0.51867,-3.3875
-6.4575,-5.3181,0.96894,-0.2473,-0.7643,-0.64486,-3.212
-6.2204,-8.6495,0.99928,0.037928,-0.48147,-0.87646,-3.1358
-4.821,-10.23,0.94626,0.3234,-0.024683,-0.9997,-3.1499
-2.8087,-10.379,0.87256,0.48851,0.47016,-0.88258,-3.4289
-1.0289,-10.108,0.81503,0.57942,0.84888,-0.52858,-2.8508
0.54807,-10.086,0.81364,0.58136,0.99741,-0.071908,-2.3236
1.4028,-9.8204,0.85277,0.52229,0.89672,0.4426,-3.4371
0.043655,-6.6171,0.86217,0.50662,0.65008,0.75986,-2.8969
-0.7732,-4.7315,0.85199,0.52356,0.40929,0.9124,-3.4076
-1.4648,-3.3676,0.82051,0.57163,0.22397,0.9746,-3.4927
-2.034,-2.3844,0.74889,0.66269,0.09962,0.99503,-3.4138
-2.5223,-1.5175,0.67862,0.73449,-0.012966,0.99992,-3.1642
-3.0598,-0.60761,0.57704,0.81672,-0.05,0.99875,-2.7619
-3.6817,0.54668,0.44037,0.89782,-0.068588,0.99765,-2.0566
-4.3999,1.9192,0.24684,0.96906,-0.00055806,1,-0.37808
-4.5148,2.2886,0.02921,0.99957,0.090118,0.99593,1.789
-3.4934,0.77323,-0.16159,0.98686,0.1833,0.98306,2.8608
-2.3585,-0.77147,-0.29743,0.95474,0.16102,0.98695,3.1874
-1.3939,-1.9873,-0.3972,0.91773,0.079589,0.99683,3.2349
-0.36269,-3.3116,-0.44341,0.89632,-0.039327,0.99923,3.2009
0.94226,-5.3787,-0.43361,0.9011,-0.26349,0.96466,2.997
2.4106,-8.1081,-0.35784,0.93378,-0.54992,0.83522,1.9615
2.2476,-8.7681,-0.23021,0.97314,-0.84601,0.53317,0.9257
1.1057,-9.1388,-0.13415,0.99096,-0.99414,0.10812,1.2844
-0.44886,-10.573,-0.12059,0.9927,-0.93358,-0.35836,2.458
-2.5814,-13.172,-0.19043,0.9817,-0.58051,-0.81425,3.0811
-4.7908,-15.757,-0.37779,0.92589,0.12265,-0.99245,2.5481
-3.8039,-13.565,-0.57662,0.81701,0.77205,-0.63557,1.9307
-1.4653,-9.3435,-0.66935,0.74295,0.99362,-0.1128,2.42
0.083384,-6.427,-0.70231,0.71188,0.96507,0.262,2.8974
0.92892,-4.6359,-0.69074,0.7231,0.86717,0.49801,2.9985
1.4392,-3.5025,-0.63331,0.7739,0.73287,0.68036,2.9057
1.7684,-2.7692,-0.57959,0.81491,0.61793,0.78623,2.7318
2.0223,-2.3323,-0.4759,0.8795,0.52418,0.85161,2.2072
2.2267,-2.0678,-0.39209,0.91993,0.42507,0.90516,1.658
2.3478,-1.9028,-0.31681,0.94849,0.35503,0.93486,0.99517
2.3155,-1.6589,-0.18435,0.98286,0.24365,0.96986,-0.27775
1.7452,-0.61038,-0.074939,0.99719,0.2027,0.97924,-1.1757
0.67408,1.1846,-0.03724,0.99931,0.22691,0.97392,-0.81167
-0.1209,2.6863,-0.033279,0.99945,0.3123,0.94998,-0.30599
-0.53548,3.8138,-0.023157,0.99973,0.45073,0.89266,-0.18413
-0.75779,4.8797,-0.075076,0.99718,0.63636,0.77139,0.051401
-0.60857,5.7989,-0.09575,0.99541,0.80958,0.587,-0.35794
-0.26996,6.9474,-0.116,0.99325,0.95568,0.2944,-1.0396
0.3996,8.4235,-0.13,0.99151,0.99577,-0.091912,-2.0027
1.4711,10.453,-0.093349,0.99563,0.85169,-0.52405,-2.9984
2.7686,12.7,0.025987,0.99966,0.41951,-0.90775,-3.1207
2.4069,12.125,0.17484,0.9846,-0.19969,-0.97986,-3.272
-0.49103,7.357,0.22857,0.97353,-0.64521,-0.76401,-1.4199
-0.10334,0.11295,0.02481,-0.99969,0.0031534,-1,3.4915
2.2017,-3.342,-0.044377,-0.99901,0.069,-0.99762,3.195
3.398,-4.6068,-0.18154,-0.98338,0.28465,-0.95863,-2.2392
1.403,-1.3576,-0.308,-0.95139,0.42426,-0.90554,-3.4222
-0.80611,1.7115,-0.30076,-0.9537,0.39818,-0.91731,-3.4764
-3.5313,5.7055,-0.2305,-0.97307,0.25101,-0.96799,-3.4859
-6.3984,10.156,0.053857,-0.99855,-0.16019,-0.98709,-3.3269
-5.5198,7.0985,0.33916,-0.94073,-0.56775,-0.8232,-3.136
-5.0273,3.9079,0.56759,-0.82331,-0.76827,-0.64013,-3.361
-5.3259,0.69115,0.7602,-0.64969,-0.83331,-0.55281,-3.3574
-5.9209,-3.0524,0.91267,-0.40869,-0.81011,-0.58628,-3.3011
-6.1621,-6.701,0.99205,-0.12587,-0.64314,-0.76575,-3.2739
-5.4802,-9.1292,0.98203,0.18872,-0.27754,-0.96071,-3.1506
-3.8388,-9.9439,0.92178,0.38773,0.19392,-0.98102,-3.0184
-1.9407,-9.7946,0.83984,0.54283,0.62157,-0.78336,-3.4171
-0.46544,-9.4541,0.83052,0.55699,0.92302,-0.38474,-1.6488
1.2437,-9.8316,0.82459,0.56573,0.99674,0.080679,-1.8505
1.8308,-9.3165,0.87183,0.48981,0.84302,0.53788,-2.9931
0.60844,-6.469,0.89051,0.45496,0.56662,0.82398,-3.4475
-0.27947,-4.7548,0.90254,0.43061,0.31737,0.9483,-3.4811
-0.82026,-3.907,0.89874,0.43848,0.12551,0.99209,-2.6556
-0.89294,-3.7374,0.87234,0.48889,-0.075621,0.99714,1.9239
0.42507,-4.7085,0.86257,0.50594,-0.28295,0.95914,3.474
1.9799,-5.3776,0.88734,0.46112,-0.5109,0.85964,0.087014
2.4356,-5.754,0.94002,0.34113,-0.72425,0.68954,-3.2892
1.3918,-7.7176,0.96914,0.2465,-0.91168,0.41091,-2.8952
-0.30769,-11.462,0.97388,0.22705,-0.9986,-0.052837,3.1983
3.2105,-7.7045,0.98818,0.15332,-0.85508,-0.51849,-3.3267
3.799,-8.7,0.99991,-0.013576,-0.57319,-0.81942,0.31012
6.4137,-10.16,0.96586,-0.25906,-0.15249,-0.9883,3.3418
14.214,-22.17,0.7436,-0.66862,0.5439,-0.83915,-2.25
8.918,-10.941,0.22072,-0.97534,0.98976,-0.14276,2.9052
8.9209,-3.7269,-0.19836,-0.98013,0.97389,0.22704,-2.5335
9.1546,2.549,-0.61177,-0.79104,0.96564,0.25988,-1.9416
8.8191,6.6844,-0.89226,-0.45152,0.99992,0.013028,2.8089
9.7041,12.112,-1,-0.003004,0.88758,-0.46066,2.6053
8.42,14.867,-0.88964,0.45667,0.41314,-0.91067,-0.19905
4.2556,13.26,-0.71431,0.69983,-0.28889,-0.95736,-1.4397
0.25872,11.275,-0.61718,0.78682,-0.7741,-0.63307,1.9879
-1.9622,10.904,-0.64907,0.76073,-0.99198,-0.12641,2.7507
-3.4353,11.482,-0.76061,0.64921,-0.90693,0.42129,2.6239
-2.5609,9.0581,-0.85078,0.52552,-0.58133,0.81367,1.8279
-1.7241,7.3001,-0.89395,0.44817,-0.18873,0.98203,1.4862
-1.3751,6.8876,-0.92974,0.36823,0.16735,0.9859,1.4227
-1.0741,7.2299,-0.94548,0.32568,0.48082,0.87682,1.1883
-0.58632,8.4077,-0.96661,0.25623,0.77318,0.63419,2.6721
1.323,11.873,-0.96238,0.2717,0.98127,0.19266,-1.5799
0.31238,11.746,-0.94238,0.33456,0.92007,-0.39176,-1.055
-2.7531,8.7414,-0.96211,0.27265,0.59574,-0.80318,2.7711
-4.1211,8.9108,-0.99246,0.12259,0.187,-0.98236,0.2107
-7.0791,11.45,-0.98954,-0.14428,-0.28142,-0.95958,-0.74173
-12.617,19.974,-0.78965,-0.61355,-0.89107,-0.45386,-2.4123
-8.9412,9.153,-0.38595,-0.92252,-0.97462,0.22386,-2.7496
-10.122,1.0315,0.084952,-0.99639,-0.8764,0.48158,-1.1385
-12.6,-9.6683,0.6072,-0.79455,-0.96417,0.26529,-1.2727
-12.252,-18.046,0.95991,-0.28029,-0.90811,-0.41874,2.3518
-5.5258,-17.805,0.98362,0.18025,-0.20893,-0.97793,3.0531
2.0083,-17.546,0.96273,0.27046,0.60935,-0.7929,0.045061
9.0481,-24.971,0.99969,-0.025029,0.98861,0.15048,1.2122
3.3645,-16.724,0.94559,-0.32537,0.42262,0.90631,-2.7962
0.074488,0.033294,-0.019316,-0.99981,-0.0089284,-0.99996,3.4902
2.268,-3.2152,-0.058345,-0.9983,0.081318,-0.99669,3.1425
3.3297,-4.2486,-0.23187,-0.97275,0.27643,-0.96103,-3.47
0.78667,-0.46031,-0.30076,-0.9537,0.39362,-0.91927,-3.4963
-1.5635,2.8237,-0.30623,-0.95196,0.33947,-0.94062,-3.483
-4.6903,7.6088,-0.14448,-0.98951,0.095535,-0.99543,-3.4063
-6.0879,9.117,0.12962,-0.99156,-0.35477,-0.93495,-3.0582
-5.1072,5.6698,0.39232,-0.91983,-0.66612,-0.74585,-3.2396
-4.9811,2.6488,0.62013,-0.7845,-0.8123,-0.58324,-3.2373
-5.4125,-0.63767,0.79915,-0.60113,-0.84028,-0.54216,-3.1817
-5.8674,-4.3157,0.93608,-0.35178,-0.77146,-0.63628,-3.1321
-5.7317,-7.4145,0.99829,-0.05838,-0.53503,-0.84483,-3.0175
-4.6022,-9.1138,0.97834,0.20701,-0.15391,-0.98808,-3.2866
-2.9629,-9.5625,0.92503,0.37989,0.31483,-0.94915,-3.1197
-1.2227,-9.3952,0.88385,0.46776,0.71022,-0.70398,-2.4564
0.4236,-9.3864,0.87119,0.49094,0.95353,-0.30131,-0.79977
2.4801,-10.596,0.91085,0.41274,0.98014,0.1983,-2.5893
1.8011,-8.2814,0.95255,0.30439,0.78681,0.61719,-3.1443
0.68823,-5.8272,0.96891,0.24742,0.52788,0.84932,-3.3053
0.066955,-4.6285,0.96934,0.24573,0.31108,0.95038,-3.481
-0.28998,-4.1257,0.97078,0.23999,0.09388,0.99558,3.2177
1.4479,-4.6714,0.9739,0.22697,-0.15333,0.98818,3.2429
3.1184,-4.425,0.99528,0.097033,-0.37412,0.92738,0.44569
4.2618,-3.4417,0.99598,-0.089611,-0.53101,0.84736,-3.2602
4.1805,-3.5162,0.96259,-0.27096,-0.6659,0.74604,-2.0286
4.4029,-3.8714,0.8671,-0.49813,-0.79225,0.6102,2.3955
6.7875,-1.7607,0.70014,-0.71401,-0.87177,0.48992,2.5994
7.5598,-3.9282,0.39993,-0.91655,-0.91856,0.39529,-2.7943
6.8621,-9.2004,0.04311,-0.99907,-0.99749,0.070789,1.3742
11.308,-18.405,-0.35009,-0.93672,-0.84369,-0.53683,-0.89591
8.5168,-14.715,-0.80982,-0.58668,-0.0044805,-0.99999,-2.5005
3.7952,-10.401,-0.94975,-0.31301,0.55386,-0.83261,-2.7328
-0.48031,-12.596,-0.97307,-0.23052,0.9049,-0.42562,2.1466
-2.4261,-13.746,-0.95233,-0.30507,0.97474,0.22333,2.7437
-0.9997,-10.455,-0.91186,-0.41049,0.66426,0.7475,0.5016
-0.3655,-9.0813,-0.90384,-0.42787,0.23298,0.97248,0.24979
0.070823,-8.8044,-0.89717,-0.44169,-0.21487,0.97664,2.5212
1.3715,-9.478,-0.90775,-0.41952,-0.60834,0.79368,2.4071
3.538,-12.758,-0.95777,-0.28755,-0.93614,0.35164,1.0544
4.391,-15.485,-0.99649,-0.083726,-0.92852,-0.37129,0.31655
0.2363,-11.715,-0.99968,0.025139,-0.49341,-0.8698,-2.0313
-3.7507,-10.264,-0.99953,-0.030605,0.022846,-0.99974,1.068
-6.1085,-8.242,-0.95463,-0.29778,0.46481,-0.88541,-3.1499
-8.5061,-3.9105,-0.77737,-0.62905,0.72764,-0.68596,-0.29382
-9.5164,3.2762,-0.43458,-0.90063,0.7367,-0.67622,3.06
-11.776,12.357,0.074515,-0.99722,0.42083,-0.90714,-1.4598
-10.088,8.3331,0.6195,-0.785,-0.16995,-0.98545,0.27034
-7.7572,1.2849,0.88824,-0.45939,-0.38781,-0.92174,-3.2643
-7.8468,-3.7936,0.99642,-0.084589,-0.33522,-0.94214,-3.037
-7.4724,-8.1713,0.95747,0.28855,-0.023288,-0.99973,-0.83935
-5.3845,-10.101,0.80733,0.5901,0.42232,-0.90644,-2.5177
-3.3505,-10.42,0.65668,0.75417,0.82174,-0.56987,-0.70742
-0.96368,-10.497,0.57485,0.81826,0.99674,-0.08073,-2.1582
0.52489,-10.546,0.56322,0.8263,0.91097,0.41246,-2.8965
0.23345,-8.9537,0.59791,0.80157,0.61195,0.79089,-3.1689
-1.3262,-6.0692,0.56968,0.82186,0.2784,0.96046,-1.9809
-1.9173,-4.9738,0.48223,0.87605,-0.01653,0.99986,-2.4185
-2.6526,-4.0145,0.38004,0.92497,-0.22935,0.97334,-1.7374
-3.124,-3.5514,0.24509,0.9695,-0.39231,0.91983,3.0579
-1.6434,-5.6508,0.1516,0.98844,-0.60917,0.79304,2.5565
-0.064166,0.11082,0.00054535,-1,-0.0085476,-0.99996,3.4793
2.2639,-3.3352,-0.047719,-0.99886,0.082919,-0.99656,2.9309
3.3097,-4.4192,-0.19066,-0.98166,0.26111,-0.96531,-3.239
0.83477,-0.65423,-0.29756,-0.9547,0.38448,-0.92313,-3.5
-1.5278,2.659,-0.24801,-0.96876,0.36612,-0.93057,-3.4873
-4.5769,7.406,-0.14057,-0.99007,0.10534,-0.99444,-3.3831
-5.9802,9.0025,0.16564,-0.98619,-0.33171,-0.94338,-3.021
-5.0117,5.6609,0.41337,-0.91056,-0.63905,-0.76917,-3.0985
-4.8309,2.7465,0.61537,-0.78824,-0.79817,-0.60243,-3.2471
-5.2077,-0.40619,0.7893,-0.61401,-0.83509,-0.55011,-3.0522
-5.5913,-3.8192,0.92902,-0.37003,-0.7702,-0.6378,-3.0825
-5.4985,-6.8517,0.99536,-0.096172,-0.54715,-0.83703,-3.1066
-4.5957,-8.629,0.98511,0.17194,-0.22456,-0.97446,-3.0931
-3.05,-9.1011,0.94276,0.33346,0.24709,-0.96899,-3.3356
-1.5208,-8.9658,0.90018,0.43552,0.63097,-0.77581,-2.8696
-0.12992,-8.7169,0.88051,0.47403,0.89807,-0.43985,1.2834
2.9753,-10.939,0.90529,0.42479,0.99942,0.033957,-2.7883
2.6082,-9.0472,0.95714,0.28962,0.83929,0.54368,-3.2347
1.2568,-6.1092,0.97782,0.20946,0.59965,0.80026,-3.1162
0.69095,-4.8047,0.98819,0.15326,0.35501,0.93486,-2.9267
0.47372,-4.2862,0.99119,0.13245,0.14302,0.98972,-0.87147
0.97691,-4.3154,0.99632,0.085711,-0.06664,0.99778,3.4898
2.8121,-3.9064,0.99958,-0.028863,-0.28469,0.95862,3.4752
5.189,-1.7994,0.97985,-0.19975,-0.41663,0.90907,2.4126
8.2606,3.1831,0.8623,-0.50641,-0.41048,0.91187,3.0514
12.27,11.952,0.48407,-0.87503,-0.054868,0.99849,-1.7088
11.602,17.003,-0.087202,-0.99619,0.62713,0.77892,1.7897
7.8093,19.896,-0.56816,-0.82292,0.99784,-0.065713,-1.6273
-0.56473,20.512,-0.70736,-0.70685,0.49667,-0.86794,2.3567
-8.1734,28.692,-0.48891,-0.87234,-0.67939,-0.73377,-0.66538
0.3473,18.981,-0.34901,-0.93712,-0.95755,0.28825,1.1672
6.7726,20.091,-0.50695,-0.86197,-0.32327,0.94631,2.3658
12.491,24.044,-0.85001,-0.52676,0.70748,0.70673,-0.038664
10.647,22.976,-0.99748,0.070909,0.91662,-0.39975,-0.39408
3.3794,17.531,-0.91189,0.41044,0.1434,-0.98966,-2.0827
-3.0944,15.479,-0.91352,0.40678,-0.59309,-0.80514,0.48006
-10.061,23.12,-0.9941,0.10843,-0.99994,-0.010774,-0.73165
-5.8146,15.06,-0.9525,-0.30452,-0.5882,0.80871,0.17879
-3.2184,13.729,-0.86577,-0.50045,0.08089,0.99672,1.9922
0.031619,18.281,-0.82883,-0.55949,0.76506,0.64396,0.01281
-3.6205,15.003,-0.78441,-0.62025,0.98905,-0.1476,1.8669
-8.0544,17.371,-0.55698,-0.83053,0.61551,-0.78813,-0.10675
-12.799,24.552,0.033826,-0.99943,-0.54035,-0.84144,-0.46427
-5.7787,14.488,0.42262,-0.90631,-0.99332,-0.11537,1.2946
-1.1645,17.077,0.57687,-0.81683,-0.79959,0.60054,1.3334
-1.004,16.795,0.59589,-0.80307,-0.033294,0.99945,-2.5406
-5.171,14.958,0.71686,-0.69721,0.66159,0.74986,-2.8752
-13.057,26.993,0.93265,-0.36078,0.99353,-0.11361,-2.1509
-5.7816,17.929,0.98756,0.15727,0.28821,-0.95757,-1.4599
1.14,20.778,0.96592,0.25883,-0.55769,-0.83005,-0.17048
5.3413,25.06,0.99937,0.035567,-0.96402,0.26582,-1.7864
-1.2697,17.234,0.99903,-0.044019,-0.28569,0.95832,2.7568
-5.1124,19.18,0.99501,0.099736,0.56858,0.82263,0.10231
-5.5279,21.056,0.89981,0.43628,0.98746,-0.15784,0.96539
1.9287,17.215,0.8597,0.5108,0.50032,-0.86584,2.5448
9.5068,18.858,0.97137,0.23757,-0.39327,-0.91942,2.172
14.255,15.134,0.94203,-0.33553,-0.96136,-0.27531,-1.2149
12.287,2.582,0.50623,-0.8624,-0.98564,0.16888,-2.401
10.627,-8.5101,-0.022524,-0.99975,-0.99995,0.0095359,-2.4374
15.708,-23.258,-0.60386,-0.79709,-0.73102,-0.68235,0.089053
