0.038035,-0.09243,-0.010344,0.016422
-0.17439,0.26392,0.0048237,-0.010486
-0.64353,0.92146,-0.021551,0.054898
-1.5306,2.0747,-0.084865,0.11369
0.49664,-1.1523,-0.10249,0.1025
1.4785,-2.389,-0.054137,0.075926
-0.56515,0.14245,-0.055571,-0.012137
-0.53087,0.075273,-0.03832,0.013901
0.46938,-1.0646,-0.053449,-0.063529
-0.49113,0.065798,-0.074116,-0.036322
0.082199,-0.50767,-0.072772,-0.056468
0.99245,-1.3871,-0.049404,-0.13367
0.020781,-0.012353,-0.018744,-0.14801
2.1381,-2.6441,0.054282,-0.18765
1.6289,-1.8104,0.099815,-0.3492
-0.78956,2.3745,0.15297,-0.32077
-0.6252,2.1887,0.10929,-0.18282
-0.18949,1.7373,0.088181,-0.12338
-0.12337,1.677,0.087939,0.023897
-0.075424,1.5981,0.075626,0.049374
-0.81721,1.872,0.07857,0.14822
-1.3416,2.1947,-0.03335,0.26381
-2.7473,4.311,-0.079348,0.38662
-1.3522,1.9168,-0.23419,0.64704
2.5286,-3.8865,-0.14569,0.52033
2.242,-1.9726,-0.052182,0.37458
0.025392,-1.4241,0.0091463,0.28897
-0.011376,-1.4912,0.008149,0.21189
1.4626,-0.26581,0.024104,0.17321
-0.57357,-2.0431,0.075989,0.13968
0.74351,-0.73639,0.078818,0.034368
-0.36953,-1.7985,0.066405,0.012779
-0.95094,-2.1548,0.043277,-0.13152
0.49758,-1.184,0.0037157,-0.21227
1.329,-1.5209,0.10051,-0.23884
0.33098,-1.9992,0.11023,-0.33184
2.4987,-4.6189,0.19128,-0.5339
-2.6794,3.4792,0.20623,-0.56409
-1.7115,2.2991,0.077995,-0.41081
-0.74751,1.2667,0.027014,-0.30559
-0.18914,1.1443,-0.019041,-0.25228
-1.0269,1.3202,-0.067033,-0.16237
-1.038,1.4496,-0.079911,-0.13809
0.55676,1.8048,-0.10485,-0.028796
0.53938,1.603,-0.084248,0.045534
-0.3927,1.5718,-0.081994,0.12034
0.036619,1.4623,-0.057345,0.19747
-2.2841,3.7644,-0.11724,0.32054
-1.6297,3.0733,-0.27453,0.54535
2.9746,-4.563,-0.1816,0.45547
0.41781,-1.4093,-0.12414,0.31932
1.4294,-1.4687,-0.065502,0.22339
1.4786,-1.0127,-0.0076678,0.19095
0.23291,-1.3223,0.040296,0.11939
1.1117,-1.1112,0.092283,0.056267
-0.24049,-1.7919,0.091955,0.0011882
0.21209,-1.6825,0.10461,-0.092841
1.3962,-2.264,0.14434,-0.18048
2.6899,-4.819,0.23508,-0.37036
-0.45985,-0.40768,0.31858,-0.54672
-0.7343,1.0558,-0.013483,0.010367
-0.27668,0.27992,-0.036424,0.072984
1.267,-2.0178,0.006348,0.00094439
-1.3746,1.8365,-0.031274,0.03022
0.75904,-1.2786,-0.014228,0.0001891
-0.6389,0.65722,-0.051242,0.015182
-1.2408,1.413,-0.078071,0.057303
0.025159,-0.58709,-0.10586,0.089933
1.4127,-2.2053,-0.075195,0.012095
-0.0037014,-0.44105,-0.024155,-0.072315
0.45182,-0.81508,-0.047716,-0.086202
-0.28521,0.17566,-0.0051237,-0.12179
2.4062,-3.2385,0.018665,-0.15757
2.697,-3.5828,0.16862,-0.37823
-1.1779,2.9966,0.1987,-0.3607
0.12878,1.8305,0.18482,-0.23963
-1.4533,2.4321,0.13594,-0.15404
-0.74557,1.6641,0.081058,-0.026099
-0.13458,1.5076,0.058572,0.035718
-1.3324,1.404,0.023185,0.13227
-0.030702,1.2678,-0.028512,0.16656
-0.026308,1.11,0.022442,0.24732
-0.29079,1.0293,-0.043189,0.31953
-1.2914,2.0181,-0.040286,0.34948
-0.67994,0.69305,-0.12121,0.47629
2.0202,-3.5884,-0.074184,0.3616
-0.10668,-1.1181,-0.015634,0.24829
0.67137,-1.8106,-0.042339,0.16429
0.1511,-1.4761,0.03176,0.083593
-0.0037028,-1.441,0.0040719,0.035202
0.481,-1.702,0.014443,-0.0334
-0.6944,-0.92627,0.025039,-0.16564
-0.57518,-0.82346,-0.0036502,-0.14294
2.0094,-3.3503,0.0054469,-0.27432
-0.27927,-0.3747,0.083109,-0.38595
-1.5763,2.0797,0.0075437,-0.3068
-2.3561,3.5879,-0.060863,-0.1851
-1.7213,2.9606,-0.17073,-0.012494
2.3419,-3.1833,-0.19638,-0.014011
-0.59709,1.1985,-0.11407,-0.099483
1.7823,-2.2477,-0.081177,-0.071974
0.21906,0.30697,-0.043835,-0.16498
1.5289,-1.4127,0.0017621,-0.17204
1.3404,-0.77044,0.057778,-0.24388
-1.2502,2.7947,0.083941,-0.16965
1.1464,0.41178,0.087253,-0.097667
-0.24355,1.796,0.073995,-0.043454
-0.85616,2.0773,0.093151,0.066921
0.098075,1.3115,0.039413,0.10805
-0.99344,2.1011,0.024422,0.25436
-1.1127,2.2294,-0.0041363,0.30697
-2.4957,4.0105,-0.13126,0.51956
1.3258,-2.3688,-0.1571,0.55526
1.5806,-2.2978,-0.07363,0.3771
0.4297,-1.3947,-0.01013,0.32881
1.6505,-1.0012,0.02913,0.2609
0.48392,-1.4229,0.094137,0.1839
0.95164,-1.2108,0.1074,0.14819
-0.80197,-2.3009,0.11463,0.04661
0.18903,-1.652,0.11237,-0.039239
-1.6064,2.3942,-0.03947,0.068243
-0.027952,-0.21046,-0.077241,0.10528
0.92455,-1.6618,-0.039013,0.054647
-0.7628,0.58303,-0.05789,0.065679
0.28383,-0.85736,-0.065142,0.035897
1.5831,-2.3823,-0.04238,-0.058254
-0.87441,0.75912,0.034378,-0.08453
2.0299,-2.9482,0.015322,-0.14812
-0.7434,1.1383,0.063094,-0.19192
-0.86684,1.6233,0.03678,-0.12142
1.4888,-1.7142,0.029793,-0.12627
-1.0334,2.1249,0.054814,-0.1398
-0.82294,1.8666,-0.016073,0.019521
0.56466,-0.072337,-0.012127,0.040562
0.78232,-0.40742,0.058028,0.018675
1.414,-1.1651,0.068125,-0.04639
-2.2488,3.6534,0.077289,0.06339
0.2406,0.20345,0.00080229,0.14111
0.99194,-1.0113,0.060975,0.11249
0.036523,0.14803,0.056754,0.10701
-1.2767,1.8984,0.030087,0.13379
0.38703,-0.81482,0.031228,0.19595
0.18996,-0.77661,0.036365,0.13497
-1.1923,1.14,-0.0026013,0.14862
1.6768,-3.2142,0.0088896,0.10446
1.8314,-3.6107,0.10806,-0.073858
-1.4811,1.548,0.11828,-0.13159
-2.2466,2.6936,0.01603,-0.041907
-1.3921,1.4977,-0.06271,0.080121
-1.1894,0.89916,-0.12766,0.17167
1.0635,-2.6274,-0.15229,0.087047
-0.21354,-0.9868,-0.10102,0.014319
0.65622,-1.9559,-0.12197,-0.067375
0.02888,-1.0333,-0.084748,-0.12781
0.36832,-1.2202,-0.083008,-0.16815
2.2743,-3.413,0.0019443,-0.33434
-1.0028,1.6753,0.016313,-0.39188
-0.16857,0.9371,-0.018448,-0.2633
-0.81858,2.0386,-0.037377,-0.22152
-1.2645,2.82,-0.094358,-0.10126
0.11821,1.2548,-0.098758,0.015493
-0.17787,1.5208,-0.1312,0.085066
-1.4481,3.2076,-0.15484,0.20278
0.42657,-0.14737,-0.18875,0.25178
1.91,-2.1312,-0.11695,0.24229
0.25315,-0.25017,-0.063861,0.15094
2.1978,-1.4557,-0.010367,0.11126
1.0881,-0.95789,0.087258,0.053882
1.1074,-1.4507,0.11144,-0.0073361
0.72908,-1.5628,0.18508,-0.089116
1.9705,-3.4015,0.2499,-0.18137
1.8069,-2.1333,0.32877,-0.40395
-1.331,4.698,0.35429,-0.26449
-0.25299,3.8732,0.31876,-0.07106
-1.5285,3.375,0.25558,0.11367
-0.65249,2.2092,0.22361,0.26641
-2.289,1.625,0.11506,0.35103
-2.4842,1.6665,0.02515,0.40525
-2.2568,2.1852,-0.10913,0.54882
-1.5713,0.67231,-0.22814,0.65218
-0.31679,0.44263,-0.041467,-0.0027589
2.1678,-3.2833,0.033072,-0.08712
1.632,-2.0565,0.16575,-0.21341
-1.9697,3.2355,0.094396,-0.16346
-1.4247,2.2618,0.032562,-0.038703
-0.71962,1.3742,-0.0021335,0.06525
0.11131,0.4029,-0.02016,0.08488
-2.4936,3.7782,-0.10383,0.22015
-1.2014,1.62,-0.19256,0.3628
0.87339,-2.2875,-0.18341,0.34692
1.3729,-2.5615,-0.1396,0.1678
0.33813,-1.4927,-0.09582,0.091216
0.40169,-1.4444,-0.078961,0.032173
1.1179,-1.4026,-0.022374,-0.022528
1.717,-1.6202,0.037213,-0.099483
1.5688,-2.2617,0.11201,-0.22704
3.1901,-5.1631,0.21329,-0.3908
-1.625,2.5144,0.28784,-0.51468
-0.49011,2.2248,0.22687,-0.33548
-1.4588,2.6285,0.1825,-0.22921
-1.6416,1.6352,0.071976,-0.094953
0.050189,1.3553,0.071277,-0.077829
-0.48707,1.2254,0.043989,0.019764
-0.62014,1.1179,0.00054481,0.086675
-0.21568,1.1526,0.016321,0.13274
-0.77475,1.1717,-0.022256,0.19467
-0.80238,1.3428,-0.092625,0.24109
-0.31781,0.8288,-0.073145,0.33061
-0.9966,1.3896,-0.15086,0.38104
1.2941,-2.6131,-0.10631,0.3216
1.1777,-2.5725,-0.061723,0.21399
0.56168,-1.8165,-0.024677,0.087261
-0.21049,-0.98583,-0.0032884,0.03852
0.96156,-2.2166,-0.0052689,-0.070444
-1.1715,0.25549,0.026859,-0.080919
-0.27976,-0.64579,-0.046119,-0.13668
-1.4892,1.0185,-0.054298,-0.10593
0.57269,-1.6218,-0.1013,-0.10867
-0.92425,0.51578,-0.10427,-0.1443
-0.16586,-0.33742,-0.16079,-0.16352
2.8826,-4.2033,-0.040528,-0.23136
0.77057,-0.77803,0.050907,-0.39903
-1.3202,2.7455,-0.011414,-0.32401
-0.2826,1.5233,-0.019719,-0.24057
0.75711,0.54131,-0.022695,-0.16859
-0.38932,1.7467,-0.0032972,-0.13815
-1.1416,2.4529,-0.040999,0.019225
0.79277,0.75691,-0.071214,0.048842
-1.5591,3.1868,-0.062201,0.17039
-0.15734,1.5889,-0.12779,0.283
0.7633,-0.27031,-0.10835,0.32802
0.71369,-0.56487,-0.071638,0.31177
0.72821,-0.73508,-0.029005,0.27555
0.86842,-0.98474,0.029545,0.21894
2.2038,-2.1545,0.078071,0.16191
1.9251,-2.9959,0.2071,-0.0032179
0.20205,-2.1261,0.23511,-0.11048
1.7574,-3.716,0.30759,-0.25671
-0.11422,1.1685,0.34362,-0.34719
-1.1879,3.7539,0.29423,-0.19838
-1.118,1.7123,-0.022024,0.020785
1.8418,-2.8592,-0.0075433,0.034654
-1.4609,2.1642,-0.0077492,-0.03284
0.74651,-1.1643,-0.043734,0.00069673
2.5177,-3.7761,0.080966,-0.10121
-2.1022,3.3308,0.061684,-0.11376
-2.0982,3.3625,-0.035616,0.053554
0.51805,-0.65929,-0.070969,0.1001
1.0537,-1.6314,-0.049029,0.07567
-1.2963,1.8492,-0.042626,0.066103
2.6854,-4.0955,0.0070622,0.0047853
0.8826,-1.3615,0.084215,-0.12416
-0.60839,1.0561,0.093738,-0.14412
0.065011,0.2707,0.060527,-0.12397
-0.1869,0.75869,0.079637,-0.065836
0.74789,-0.2437,0.071505,-0.071309
0.43191,0.46994,0.13267,-0.055939
-1.3727,2.1303,0.10082,0.00509
-2.1728,2.6392,-0.0062581,0.12194
-0.92593,1.5314,-0.067168,0.24332
0.16868,-0.18125,-0.1106,0.27787
-1.5085,1.7487,-0.11834,0.30335
0.49397,-1.8188,-0.13928,0.30252
1.3774,-2.694,-0.11173,0.16729
1.2116,-2.0988,-0.050729,0.094824
0.63954,-1.6785,0.0053697,-0.030824
-0.71208,-0.65041,0.022662,-0.11311
-0.73861,-0.53428,-0.029341,-0.10059
0.4475,-1.4564,-0.051679,-0.16295
2.572,-3.7452,0.036102,-0.28304
1.9006,-3.0187,0.14092,-0.48046
-2.3515,3.903,0.15379,-0.43559
-1.3319,2.2443,0.044101,-0.28015
-1.262,1.9987,-0.027813,-0.19755
0.67169,1.0585,-0.034077,-0.10126
-0.27262,1.4881,-0.040626,-0.043944
0.11619,1.319,-0.0028561,0.048557
-0.62821,1.7521,-0.07074,0.096164
-1.1612,2.3544,-0.072041,0.21005
-1.6953,3.4539,-0.14418,0.33143
1.878,-2.3403,-0.1781,0.4084
1.7088,-2.4171,-0.034714,0.26008
0.63462,-1.1316,-0.0061393,0.18833
0.47902,-1.082,0.017143,0.094422
0.3942,-1.0694,0.033236,0.08644
0.93055,-1.8186,0.070888,-0.0089294
1.5964,-2.8943,0.16435,-0.14149
1.9728,-3.596,0.22437,-0.30456
-0.33344,1.3048,0.26226,-0.35083
-2.7619,4.0324,0.19365,-0.21354
-1.948,2.1986,0.071789,-0.033413
-1.8694,1.9163,-0.0084731,0.048579
-1.2427,1.8457,-0.094159,0.12859
-0.38598,1.1489,-0.14502,0.23157
-2.6394,3.9829,-0.19212,0.32004
2.68,-4.7394,-0.21765,0.34505
0.28369,-1.5592,-0.16863,0.17998
1.5063,-2.4609,-0.078572,0.041983
0.66532,-1.5886,-0.024496,-0.011084
-0.4309,-0.65596,-0.044265,-0.095487
2.2733,-3.3952,0.067293,-0.10944
0.5259,-0.3494,0.10244,-0.20604
0.056364,0.86733,0.17762,-0.18929
0.24729,1.0886,0.14108,-0.10374
0.20078,1.5162,0.16314,-0.10065
-1.0317,1.781,0.14282,0.040764
-1.9829,1.3727,0.060248,0.09397
-2.2418,1.5903,-0.035911,0.17498
-3.093,3.5529,-0.1705,0.29465
-4.3497,6.563,-0.37474,0.557
1.9931,-6.3579,-0.40436,0.58759
-0.0095602,-5.3196,-0.35173,0.24507
-0.50046,-5.6462,-0.36921,0.0013723
1.5329,-2.9308,-0.3709,-0.24428
2.4914,-0.26533,-0.24898,-0.32086
1.5344,-0.15924,-0.15265,-0.29185
0.87962,-0.14404,-0.11252,-0.34137
0.83005,0.15147,-0.039232,-0.3099
0.72069,0.32696,0.022008,-0.30215
0.49997,0.56945,-0.0033526,-0.29076
0.14289,1.0151,0.017022,-0.26303
-0.37811,1.7647,0.048585,-0.17393
-0.73946,2.4234,0.010909,-0.075098
-0.74007,2.4328,-0.057946,0.05962
-0.43393,1.8007,-0.028001,0.14562
0.07841,1.0168,-0.10676,0.24455
0.41713,0.6181,-0.047554,0.2597
0.66356,0.5587,-0.045656,0.29982
0.79096,0.48222,0.0048476,0.30292
0.79614,0.31891,0.043792,0.3687
0.52253,-0.29721,0.094257,0.32556
-0.059722,-1.3297,0.052964,0.31155
-0.62417,-2.2444,0.098247,0.22652
-0.89018,-2.7504,0.045779,0.07952
-0.8083,-2.6406,-0.027554,-0.050894
-0.19417,-1.6963,-0.043565,-0.14069
0.33292,-0.81755,-0.040345,-0.23141
0.37109,-0.59131,-0.0014049,-0.26405
0.47042,-0.27194,0.0064466,-0.28601
0.59417,-0.032993,0.020967,-0.27122
0.65516,-0.021937,0.06012,-0.29717
0.67771,-0.079193,0.093405,-0.25827
0.57168,-0.065288,0.13794,-0.29406
-0.10201,1.1291,0.13547,-0.29555
-1.0307,2.8042,0.13236,-0.15463
-1.0785,3.0161,0.047775,-0.019471
-1.105,2.9939,0.0077106,0.11538
-0.74619,2.3721,-0.034394,0.29041
0.22107,0.58521,-0.086053,0.335
0.73988,-0.25917,-0.0076083,0.3475
0.81531,-0.42886,-0.00026915,0.34466
0.7153,-0.60639,0.06786,0.28357
0.56076,-0.90044,0.071443,0.27833
0.26982,-1.2582,0.089297,0.18536
0.098807,-1.5619,0.11132,0.17498
-0.028394,-1.6944,0.11164,0.040651
-0.057811,-1.7011,0.11053,-0.023621
0.048675,-1.6546,0.098832,-0.1062
0.48315,-1.7141,0.11902,-0.18227
1.8828,-3.165,0.1863,-0.30438
2.3203,-3.3914,0.05931,-0.1189
1.276,-1.3643,0.15115,-0.19953
-1.2165,2.4185,0.13436,-0.17116
-2.1483,2.8456,0.058935,-0.052922
-2.2519,2.9167,-0.02995,0.10809
-3.3107,5.0773,-0.17756,0.28571
-1.3588,1.441,-0.33144,0.511
1.0851,-4.0479,-0.31333,0.4071
0.020174,-3.5067,-0.25879,0.20708
-0.67125,-4.1226,-0.32865,0.041061
-0.58756,-4.4919,-0.32788,-0.2098
0.84417,-2.8353,-0.33419,-0.38859
2.279,-0.43245,-0.24733,-0.46646
1.9924,0.35996,-0.1439,-0.47885
1.4193,0.5252,-0.048619,-0.439
0.81778,0.67912,0.0027093,-0.41031
-0.04257,1.519,0.034152,-0.33823
-1.0073,2.8684,0.00076941,-0.27322
-1.3171,3.2675,-0.067736,-0.086308
-1.3106,3.1409,-0.13464,0.078273
-0.47403,1.5806,-0.16388,0.18102
0.75696,0.097571,-0.16493,0.22313
0.9563,0.61415,-0.13,0.25125
1.0769,1.3049,-0.07435,0.29083
1.2114,1.8628,-0.018276,0.36561
1.2621,1.9469,0.050659,0.47372
-0.035642,-0.19673,0.094907,0.52273
-2.0094,-3.7578,0.0080215,0.41627
-1.6871,-3.3231,-0.062974,0.23111
-0.41468,-1.4231,-0.10474,0.12762
0.24476,-0.75335,-0.14251,0.059527
0.42183,-0.75616,-0.09216,0.027733
0.38213,-0.94907,-0.080982,-0.016321
0.29549,-1.0745,-0.089194,-0.08365
0.18535,-1.0707,-0.051659,-0.10816
-0.0042354,-1.0701,-0.053473,-0.19027
-0.072248,-0.95515,-0.080369,-0.21874
-0.13018,-0.70673,-0.039234,-0.26615
0.044112,-0.08661,-0.082042,-0.30734
0.55067,0.98134,-0.027906,-0.23693
1.0161,2.0631,-0.013808,-0.20825
1.0175,2.2033,0.044399,-0.097458
0.66014,1.6942,0.091664,0.028158
0.16645,0.88732,0.10706,0.072818
-0.20203,0.17769,0.090731,0.10985
-0.44619,-0.24448,0.10828,0.088217
-0.64878,-0.73223,0.042983,0.10848
-0.44497,-0.4881,0.033304,0.032818
-0.30479,-0.32848,0.026694,0.013013
-0.24115,-0.26391,-0.0035011,0.030734
-0.023596,0.060506,-0.014182,0.021767
0.079029,0.13953,0.004925,0.0042415
-0.06518,-0.07894,-0.0066867,0.017344
-0.024977,-0.0031352,-0.018514,0.026072
0.089068,0.11939,-0.0015513,0.0042646
-0.01337,-0.068635,0.0050206,0.009678
-0.066806,-0.16152,-0.022066,0.040833
0.068993,0.043203,0.0041277,-0.018395
-0.011306,-0.10784,0.012543,0.022196
-0.098562,-0.25622,-0.014015,-0.01526
2.2789,-3.3321,0.056932,-0.1337
1.226,-1.2503,0.14862,-0.20163
-1.2487,2.4437,0.12811,-0.17223
-2.1049,2.8113,0.042856,-0.044343
-2.2353,2.9451,-0.040805,0.11009
-3.2713,5.0977,-0.16688,0.26942
-1.28,1.3334,-0.3444,0.54476
1.1224,-4.0176,-0.28662,0.39039
0.061681,-3.4136,-0.26658,0.19376
-0.65206,-3.9865,-0.29478,0.040673
-0.62653,-4.3939,-0.33688,-0.18823
0.49844,-3.1298,-0.33825,-0.36413
2.0648,-0.76448,-0.28256,-0.48033
2.0652,0.29227,-0.14079,-0.47389
1.4984,0.54933,-0.058566,-0.45747
0.89191,0.67303,-0.008629,-0.45351
0.026384,1.4731,-0.0037087,-0.36773
-0.98867,2.7957,0.0025836,-0.28537
-1.4086,3.3151,-0.068974,-0.10582
-1.1904,2.8813,-0.13824,0.050049
0.3539,0.52047,-0.17906,0.12701
0.62161,0.3127,-0.11551,0.13884
0.36017,0.83122,-0.10233,0.16424
0.60616,1.0319,-0.10301,0.22485
0.85618,1.3927,-0.037678,0.26895
0.99397,1.82,-0.019495,0.37533
1.4568,2.2709,0.081885,0.45416
0.64885,0.82245,0.092984,0.53676
-1.4258,-2.7521,0.10913,0.51296
-1.6967,-3.4597,-0.0053113,0.35701
-0.49086,-1.8828,-0.023193,0.18076
-0.090767,-1.4462,-0.057852,0.12033
0.023026,-1.3186,-0.069966,0.05466
0.095642,-1.3015,-0.053087,0.006438
-0.052966,-1.4133,-0.042764,-0.10605
-0.23793,-1.4667,-0.049813,-0.1375
-0.34192,-1.4763,-0.11064,-0.24676
-0.11077,-0.98408,-0.048573,-0.28773
0.031967,-0.50679,-0.086901,-0.31916
0.80421,0.97843,-0.077967,-0.34177
1.3864,2.2844,-0.029221,-0.23673
0.96137,1.8799,0.072805,-0.11398
-0.024786,0.52465,0.070807,-0.056503
-0.28851,0.23805,0.045987,-0.045607
-0.24056,0.35581,0.037125,-0.065923
-0.2503,0.44676,0.03248,-0.0049343
-0.2,0.54962,0.031617,-0.0010868
-0.17772,0.51156,0.024115,0.037228
-0.12377,0.48177,0.016005,0.090958
-0.075841,0.50416,-0.010222,0.07574
0.20801,0.7096,0.017266,0.13014
-0.055079,0.17197,-0.0088863,0.12461
0.11896,0.20898,0.031796,0.13371
-0.41051,-0.81315,-0.0046874,0.16076
-0.10005,-0.51639,0.0033466,0.086469
-0.21699,-0.75662,-0.0034124,0.059452
-0.15129,-0.72729,-0.03967,0.069353
0.16797,-0.33064,-0.026947,-0.0015719
0.051191,-0.49624,-0.028843,-0.02746
0.081782,-0.42658,-0.003612,-0.031322
2.2806,-3.3404,0.076924,-0.070691
1.2638,-1.2783,0.15152,-0.20934
-1.0615,2.1838,0.15765,-0.18172
-2.1535,2.8468,0.051836,-0.043901
-2.1695,2.7791,-0.03488,0.091471
-3.1383,4.7113,-0.15995,0.25516
-2.075,2.7866,-0.32131,0.53733
1.2448,-4.2603,-0.30421,0.3917
0.11562,-3.5777,-0.29806,0.25433
-0.69723,-4.1549,-0.30035,0.018597
-0.70469,-4.6771,-0.31916,-0.15387
0.74961,-3.0756,-0.34308,-0.39634
1.6321,-1.2901,-0.29618,-0.48297
2.0093,0.024386,-0.17657,-0.51745
1.7807,0.37365,-0.089924,-0.51596
1.1858,0.42212,-0.019857,-0.48475
0.085882,1.3538,0.040529,-0.44027
-1.2119,3.0158,-0.03042,-0.32674
-1.3433,3.0105,-0.081436,-0.19832
-1.3426,2.9727,-0.13459,-0.035876
-1.0268,2.2882,-0.19923,0.10369
0.59434,-0.28503,-0.19818,0.14689
0.90285,-0.37833,-0.18541,0.13371
0.87622,0.15531,-0.12253,0.11397
0.81823,0.75695,-0.086609,0.15469
0.88585,1.3236,-0.05205,0.22799
1.043,1.786,-0.021345,0.25671
1.2355,2.1541,0.074747,0.36977
0.90693,1.8114,0.126,0.48994
-0.18654,-0.071031,0.11151,0.5119
-1.9622,-3.2859,0.075958,0.45997
-1.6093,-3.0798,-0.0084539,0.26728
-0.090481,-1.1044,-0.04378,0.18107
0.21288,-0.95212,-0.05488,0.12841
0.30336,-0.97419,-0.010252,0.071063
0.26537,-1.1194,-0.054078,-0.0020686
0.25444,-1.1329,0.0044519,-0.012947
0.078202,-1.2259,-0.042566,-0.08278
0.0034239,-1.144,0.026374,-0.16205
-0.20627,-1.2418,0.0044288,-0.22034
-0.14436,-0.89027,-0.0076898,-0.26387
0.37423,0.26731,-0.034896,-0.2707
0.72811,1.1619,0.019054,-0.25999
0.15209,0.63279,0.037793,-0.1994
-0.0075897,0.61068,0.031325,-0.17034
-0.12408,0.71668,0.057914,-0.1511
-0.2322,0.72443,0.040318,-0.081895
-0.35562,0.80129,-0.0082791,-0.088349
-0.20081,0.97322,0.016104,-0.023517
-0.17227,0.9973,-0.0055738,0.060337
-0.033736,1.0423,-0.017685,0.061763
0.11755,1.0634,-0.017199,0.13927
0.21611,0.99583,0.023288,0.20684
-0.056758,0.39604,-0.026857,0.21454
-0.13903,-0.069018,0.027048,0.21668
-0.55399,-0.95747,-0.034614,0.21936
0.037337,-0.45398,-0.01951,0.1506
-0.067942,-0.70945,-0.018926,0.17609
0.088647,-0.73681,-0.064467,0.064717
0.22771,-0.63553,-0.0055627,0.10571
2.3255,-3.4188,0.066561,-0.090058
1.2529,-1.3432,0.17164,-0.20856
-1.1633,2.3478,0.14315,-0.19231
-2.1566,2.8287,0.070488,-0.045712
-2.1816,2.7851,-0.045063,0.11084
-3.1622,4.7863,-0.17071,0.24558
-1.9458,2.5643,-0.33564,0.51233
1.214,-4.2042,-0.32475,0.42706
0.11188,-3.6181,-0.28124,0.21984
-0.66778,-4.1409,-0.30348,0.029239
-0.69922,-4.6114,-0.32776,-0.1801
0.7156,-3.1719,-0.35933,-0.39477
1.63,-1.306,-0.26885,-0.50651
2.0267,-0.048542,-0.19861,-0.52071
1.8483,0.31489,-0.060741,-0.5234
1.2322,0.31465,-0.011799,-0.49835
-0.052837,1.4747,0.013171,-0.46086
-1.3147,3.0993,-0.014118,-0.34983
-1.265,2.736,-0.082411,-0.22017
-1.2105,2.5871,-0.1305,-0.045121
-1.1003,2.4139,-0.19899,0.030525
0.62839,-0.398,-0.20376,0.11448
1.1262,-1.0014,-0.18954,0.066148
0.96551,-0.46009,-0.1071,0.036447
0.67531,0.1928,-0.087269,0.024216
0.41157,0.5305,-0.028323,0.044698
0.2803,0.83739,-0.045399,0.086312
0.25364,0.98682,-0.0086733,0.12972
0.25446,1.1813,-0.0012106,0.19152
0.36524,1.3712,0.0012124,0.25045
0.6194,1.6203,0.034248,0.30706
0.86148,1.8424,0.084667,0.42392
0.87011,1.7336,0.10782,0.4853
-0.030832,0.077957,0.15816,0.55989
-1.8643,-3.2212,0.060419,0.44804
-1.3951,-2.8397,0.035738,0.3231
-0.30719,-1.5364,-0.045334,0.21796
0.17071,-1.1345,-0.025026,0.13898
0.18654,-1.2155,-0.027882,0.073841
0.25719,-1.2371,-0.02451,0.013948
0.15291,-1.2765,0.0086081,-0.066417
-0.090605,-1.4174,-0.025855,-0.10967
-0.08339,-1.3345,-0.0077917,-0.1714
-0.14332,-1.2521,-0.0079262,-0.25781
0.03236,-0.70772,-0.046134,-0.32378
0.75825,0.83113,0.014398,-0.27518
0.24181,0.43688,-0.00063235,-0.27453
0.14141,0.61436,0.065867,-0.23738
-0.25318,0.46506,0.022163,-0.19813
-0.22079,0.75325,0.0092938,-0.19488
-0.32283,0.93922,0.0068356,-0.13585
-0.43691,1.0195,0.0019068,-0.087371
-0.35428,1.093,-0.049902,-0.033001
-0.095014,1.1855,-0.028497,0.025159
0.062332,1.2566,-0.057303,0.092949
0.43525,1.4963,-0.023964,0.1737
0.53008,1.527,-0.004186,0.20104
0.372,1.1363,0.026285,0.28859
-0.22033,-0.1331,0.021748,0.32396
-0.54378,-1.0552,-0.0072503,0.29554
2.3106,-3.4045,0.07092,-0.092166
1.2064,-1.1676,0.14139,-0.20617
-1.0626,2.2344,0.15534,-0.16495
-2.1176,2.8379,0.067499,-0.063885
-2.1756,2.7549,-0.052889,0.08453
-3.1357,4.6839,-0.12781,0.27728
-2.0764,2.8041,-0.33178,0.52996
1.2395,-4.1847,-0.30291,0.42494
0.12656,-3.5358,-0.2937,0.23589
-0.65451,-4.068,-0.2877,0.058027
-0.78952,-4.7003,-0.32604,-0.1561
0.48856,-3.3996,-0.36652,-0.39187
1.5452,-1.5559,-0.30268,-0.51434
2.118,-0.061139,-0.17427,-0.53506
1.8978,0.32142,-0.090725,-0.53368
1.5259,0.1205,-0.015808,-0.50926
0.61689,0.56795,0.02958,-0.521
-1.2694,2.9555,0.037679,-0.41419
-1.0375,2.126,-0.050823,-0.27587
-0.77899,1.4383,-0.053844,-0.20456
-0.66754,1.1309,-0.11546,-0.13119
-0.54695,0.9867,-0.15461,-0.071565
-0.19308,0.58909,-0.15579,-0.048975
0.25514,-0.17906,-0.15484,-0.029374
1.0969,-1.6229,-0.14096,-0.085169
1.6748,-2.6669,-0.04077,-0.17298
0.81943,-1.7515,0.0016383,-0.30536
-0.011759,-1.1281,0.030233,-0.37905
-0.63042,-1.246,-0.0010495,-0.41074
-1.1565,-1.9197,-0.031069,-0.50096
-1.7053,-2.5831,-0.098663,-0.62352
-0.40911,-0.55618,-0.17127,-0.71425
2.4624,4.1327,-0.12732,-0.6094
2.6097,4.2287,0.026165,-0.37442
0.94208,1.7759,0.11263,-0.2604
-0.40426,0.93028,0.10883,-0.18048
-0.76637,1.325,0.098101,-0.13098
-0.90912,1.7372,0.039414,-0.030174
-0.75647,1.7406,0.02349,0.053401
-0.37879,1.5715,-0.023692,0.098407
0.10891,1.4462,-0.035532,0.20337
0.45745,1.5863,0.0057455,0.28715
0.58087,1.733,-0.00096855,0.35626
0.54468,1.3515,0.038293,0.40815
-0.91599,-1.2489,0.029339,0.45913
-1.4988,-2.5889,-0.025688,0.35307
0.1242,-0.57118,-0.070586,0.26815
0.24752,-0.81395,-0.044563,0.244
0.34723,-1.0049,-0.050351,0.19204
0.52057,-1.1309,-0.024583,0.11554
0.55697,-1.2673,0.035295,0.05251
0.43553,-1.3237,0.0073393,0.015653
0.21222,-1.2746,0.070248,-0.07273
-0.28044,-1.4737,0.047099,-0.1143
-0.43467,-1.6146,0.03725,-0.20297
-0.67613,-1.8242,-0.010231,-0.29681
-0.010367,-0.70641,-0.021755,-0.35446
0.94085,1.2619,0.0025801,-0.36012
0.16305,0.55233,0.046143,-0.29188
-0.0048485,0.61444,0.03336,-0.26261
2.2219,-3.2888,0.067176,-0.095683
1.1876,-1.2048,0.14802,-0.18961
-0.9008,2.0128,0.13979,-0.17459
-2.164,2.8261,0.066275,-0.028107
-2.2472,2.7988,-0.024659,0.097252
-3.1583,4.7527,-0.15299,0.2389
-1.9522,2.5354,-0.34106,0.52657
1.1824,-4.2183,-0.30725,0.4112
0.0573,-3.6391,-0.30724,0.24356
-0.70035,-4.2026,-0.29828,0.028031
-0.65585,-4.6947,-0.31517,-0.19305
0.89351,-2.9658,-0.35122,-0.38058
1.6185,-1.2687,-0.26288,-0.51793
2.0167,-0.053283,-0.1852,-0.51738
1.8577,0.22622,-0.10272,-0.52672
1.5844,-0.085999,0.016329,-0.50857
0.42346,0.84622,0.055172,-0.52574
-1.4228,3.1157,0.044859,-0.37022
-0.84601,1.8446,-0.021224,-0.26793
-0.63991,1.2331,-0.075166,-0.21847
-0.008395,0.29742,-0.081645,-0.13332
0.36018,-0.24403,-0.074817,-0.17522
0.24783,-0.44712,-0.032741,-0.15709
0.087596,-0.54966,-0.04469,-0.21754
-0.15627,-0.71987,-0.077614,-0.22476
-0.37508,-0.95737,-0.053698,-0.26051
-0.46008,-1.2313,-0.052125,-0.34702
-0.56699,-1.4873,-0.12762,-0.38014
-0.39271,-1.3714,-0.12143,-0.47374
-0.097979,-0.74117,-0.15424,-0.50919
1.5216,2.0805,-0.1246,-0.49067
2.2402,3.6227,-0.01311,-0.36206
0.10998,0.87466,0.059594,-0.22763
-0.28417,0.6577,0.007637,-0.19389
-0.29481,0.94181,0.059033,-0.16675
-0.45843,0.9827,-0.019023,-0.1057
-0.33098,1.1561,-0.020481,-0.024812
-0.19571,1.2192,-0.039921,-0.014119
-0.018327,1.2932,-0.011048,0.079896
0.10038,1.3126,-0.020269,0.1238
0.25189,1.3356,-0.05893,0.19771
0.52589,1.5109,0.00099652,0.31543
0.0018936,0.44215,0.030276,0.289
-0.7836,-1.2051,-0.023683,0.30624
0.15979,-0.22172,0.00061551,0.29689
-0.12137,-0.89849,-0.038327,0.20105
0.22122,-0.84826,-0.008754,0.22183
0.25951,-1.0138,-0.03778,0.1481
0.38884,-1.0966,0.036654,0.098881
0.22639,-1.2127,0.0055709,0.019369
0.18273,-1.243,0.042101,0.017442
-0.11427,-1.3542,0.019989,-0.12581
-0.27846,-1.4443,0.042814,-0.14053
-0.50893,-1.5565,0.01495,-0.22705
-0.34434,-1.1906,-0.024649,-0.30008
0.40759,0.29851,-0.044074,-0.34128
0.95248,1.6037,0.033481,-0.26777
-0.075455,0.40925,0.036695,-0.24955
-0.13065,0.60806,0.034531,-0.20946
-0.31286,0.71795,0.021872,-0.17551
2.3359,-3.4603,0.072306,-0.11371
1.243,-1.3467,0.15242,-0.19329
-0.99115,2.1139,0.14954,-0.17688
-2.0644,2.8234,0.05155,-0.036257
-2.1983,2.7944,0.0012056,0.059463
-3.1103,4.6679,-0.19074,0.25935
-2.0959,2.8224,-0.33012,0.53125
1.3132,-4.2086,-0.29826,0.39714
0.19667,-3.4064,-0.27177,0.26067
-0.61611,-3.8735,-0.2802,0.042415
-0.65546,-4.4037,-0.33779,-0.1695
0.39995,-3.328,-0.31231,-0.35117
1.4254,-1.5687,-0.30076,-0.48596
1.9445,-0.16452,-0.18062,-0.50871
1.8748,0.29745,-0.1065,-0.53174
1.9267,-0.19688,0.012995,-0.48048
1.3971,-0.46868,0.072799,-0.54165
-1.3845,3.1125,0.063264,-0.46867
-1.0832,2.1155,0.047246,-0.31936
-0.65208,0.91945,-0.03723,-0.23123
-0.46251,0.39319,-0.070312,-0.21432
-0.39609,0.041873,-0.072788,-0.22629
-0.34284,-0.24025,-0.091245,-0.20607
-0.55377,-0.36799,-0.13004,-0.23256
-0.80453,-0.42635,-0.13794,-0.24111
-0.55568,-0.39124,-0.18388,-0.28019
0.29734,-0.30186,-0.19656,-0.27962
0.36868,-0.42662,-0.18463,-0.30712
0.045199,-0.57027,-0.15903,-0.33284
-0.43004,-0.62006,-0.16108,-0.36986
-1.2191,-0.84544,-0.2438,-0.39013
-1.7043,-0.59763,-0.28401,-0.43614
-0.78336,1.484,-0.33735,-0.40626
0.018236,3.1067,-0.38831,-0.31023
0.27331,4.0236,-0.3368,-0.1192
0.0007352,4.4672,-0.37507,0.084483
-0.9053,5.3478,-0.36234,0.34227
-4.3631,9.3867,-0.51995,0.70372
5.0231,-10.078,-0.46724,0.69856
1.8543,-4.3315,-0.33931,0.30956
0.77311,-2.5265,-0.25266,0.15953
-0.83935,-3.668,-0.24611,-0.0067656
-1.1264,-4.2386,-0.31542,-0.1681
0.023401,-2.7577,-0.33478,-0.39094
1.6025,-0.20306,-0.29246,-0.46292
1.3973,0.44591,-0.21399,-0.38743
0.97745,0.7097,-0.17385,-0.4346
0.61234,0.95491,-0.099571,-0.38912
0.31365,1.135,-0.10518,-0.29627
0.22117,1.2039,-0.10549,-0.26858
0.23356,1.235,-0.057574,-0.16778
0.041624,1.2544,-0.067122,-0.13664
-0.0058001,1.2526,-0.064803,-0.081433
0.013042,1.2217,-0.068084,-0.024302
0.030679,1.2419,-0.059195,0.079244
0.13425,1.2477,-0.054418,0.10272
0.32325,1.3763,-0.044184,0.18834
0.60328,1.7173,-0.020819,0.26771
0.97355,2.2124,-0.0026426,0.35874
1.187,2.4547,0.076404,0.45954
2.2594,-3.315,0.042343,-0.088226
1.2935,-1.365,0.16256,-0.18359
-0.88548,2.0145,0.15812,-0.1597
-2.177,2.867,0.064169,-0.04308
-2.2122,2.7673,-0.012495,0.075193
-3.1404,4.6282,-0.1815,0.27106
-2.1314,2.8139,-0.3057,0.52753
1.276,-4.2016,-0.31432,0.43328
0.074415,-3.5734,-0.26231,0.23659
-0.65893,-4.0888,-0.321,0.051026
-0.72604,-4.6705,-0.33043,-0.20448
0.72653,-3.1333,-0.33306,-0.37105
1.5813,-1.3991,-0.27415,-0.48456
2.0175,-0.1136,-0.1734,-0.53865
1.8773,0.25632,-0.099326,-0.5242
1.714,-0.14415,0.014231,-0.50272
0.68901,0.45824,0.086469,-0.50451
-1.3415,3.085,0.025148,-0.41325
-0.89363,1.9313,-0.023862,-0.2851
-0.58443,1.0769,-0.0192,-0.23504
-0.41912,0.65404,-0.10232,-0.1509
-0.40014,0.44518,-0.08873,-0.15741
-0.3132,0.27849,-0.11572,-0.14373
-0.36801,0.23545,-0.1144,-0.10308
-0.53799,0.35596,-0.15607,-0.1175
-0.56838,0.55369,-0.15921,-0.081946
-0.016717,-0.027111,-0.20651,-0.048994
1.4075,-2.0239,-0.14241,-0.11668
1.1904,-2.2516,-0.094157,-0.24198
0.4639,-1.6422,-0.046797,-0.3058
-0.34482,-1.2878,-0.03321,-0.39526
-1.0513,-1.3393,-0.090367,-0.48316
-1.8558,-1.6129,-0.15264,-0.51132
-2.7882,-1.852,-0.28227,-0.62531
-1.8143,0.037926,-0.38699,-0.67642
0.00042214,2.3208,-0.42664,-0.59883
-0.9199,0.49526,-0.45776,-0.55572
-1.9917,-1.7786,-0.52085,-0.55784
1.2777,2.1234,-0.55792,-0.55404
-1.5418,-2.8972,-0.58061,-0.57833
-0.36769,-2.7197,-0.57758,-0.73638
1.4495,-2.0745,-0.59576,-0.83838
5.6883,3.3395,-0.37662,-0.81143
4.9473,3.1544,-0.12481,-0.65924
2.3225,0.54855,0.055352,-0.51744
2.5027,-1.7676,0.16653,-0.57656
1.1625,-0.11579,0.30573,-0.69312
-0.70667,3.3031,0.27733,-0.53299
-0.88748,1.7363,0.21452,-0.42226
-0.75739,-0.2224,0.18478,-0.38375
-0.85466,-1.8939,0.16433,-0.42446
-0.07967,-1.6017,0.11902,-0.54343
1.9645,-0.96439,0.16543,-0.58702
4.101,-6.2236,0.31762,-0.72522
-2.1619,3.0939,0.48589,-0.98897
-4.5405,4.594,0.1967,-0.61899
-3.4946,-0.26679,0.00062844,-0.56753
-0.70935,0.75468,-0.11364,-0.5183
-0.93408,-0.27198,-0.1148,-0.51946
-1.2497,-1.8908,-0.20968,-0.59876
2.29,-3.4125,0.048725,-0.090452
1.1498,-1.1958,0.13172,-0.20811
-1.0161,2.1535,0.14829,-0.18933
-2.0523,2.7629,0.06603,-0.046211
-2.2101,2.8526,-0.026493,0.099424
-3.1601,4.7879,-0.1804,0.26315
-1.8513,2.3742,-0.32855,0.49804
1.2863,-4.2089,-0.30207,0.42856
0.11734,-3.4129,-0.26532,0.21278
-0.6302,-3.9258,-0.29939,0.035249
-0.64907,-4.431,-0.34077,-0.15309
0.45754,-3.2768,-0.31395,-0.38089
1.528,-1.4469,-0.28327,-0.4862
2.0233,-0.12809,-0.1976,-0.53442
1.8322,0.28632,-0.093575,-0.5256
1.4379,0.10531,0.00095848,-0.48986
0.68236,0.54418,0.046677,-0.52045
-1.4161,3.1169,0.022197,-0.37623
-0.84463,2.001,-0.02961,-0.28608
-0.78194,1.5143,-0.079404,-0.18145
-0.62874,1.255,-0.11735,-0.087507
-0.62002,1.2082,-0.1328,-0.071557
-0.61285,1.3084,-0.15521,-0.00052584
-0.43512,1.0876,-0.21344,0.088557
0.73511,-0.85052,-0.17695,0.064863
1.2752,-1.6229,-0.13966,0.01129
1.1999,-1.4605,-0.074455,-0.07343
1.261,-1.6636,-0.012361,-0.15254
1.2924,-2.038,0.024301,-0.2016
0.58342,-1.3249,0.099479,-0.33455
-0.27448,-0.43887,0.10455,-0.35316
-0.71933,-0.74618,0.097691,-0.39041
-1.1802,-1.6564,0.012055,-0.44562
-1.7435,-2.8136,-0.045989,-0.55711
-1.084,-1.9531,-0.10965,-0.6832
2.8897,4.4425,-0.080628,-0.66936
1.8558,3.0516,0.04598,-0.41552
0.20823,1.1576,0.10902,-0.3376
-0.17783,1.1064,0.10195,-0.26644
-0.5642,1.5326,0.082447,-0.18365
-0.98759,2.1228,0.050711,-0.14502
-1.1405,2.3904,-0.019303,0.012739
-0.74699,1.9332,-0.048685,0.089341
0.045683,1.3046,-0.062867,0.19877
0.46226,1.3272,-0.062636,0.27325
0.73315,1.6538,-0.039006,0.29951
0.90849,1.9058,0.0072426,0.449
0.18026,0.57901,0.039345,0.46422
-1.8819,-3.0606,-0.0069577,0.43535
-0.77776,-1.767,-0.064629,0.29936
0.20318,-0.65801,-0.073692,0.22299
0.3085,-0.92688,-0.092825,0.23083
0.44179,-1.1312,-0.030246,0.12622
0.48993,-1.275,-0.050995,0.081191
0.54237,-1.4065,0.01705,0.030824
0.34804,-1.3842,0.018698,-0.061125
0.1089,-1.3569,0.012328,-0.10589
-0.16071,-1.3629,0.047407,-0.17944
-0.41529,-1.5447,0.00097422,-0.28955
-0.4771,-1.3602,0.0061663,-0.3092
2.2321,-3.2463,0.045524,-0.080406
0.88926,-0.75223,0.16284,-0.20466
-0.92604,1.9256,0.12781,-0.16029
-1.9759,2.7368,0.054781,-0.044694
-2.2536,3.0109,-0.03008,0.090351
-3.2876,5.1162,-0.2035,0.2896
-1.1858,1.076,-0.33719,0.48933
1.2295,-3.9616,-0.2838,0.40284
0.029137,-3.2021,-0.23078,0.23023
-0.6068,-3.723,-0.29532,0.025128
-0.56604,-4.1421,-0.33487,-0.15554
0.23708,-3.3314,-0.28783,-0.36762
1.3994,-1.5805,-0.29138,-0.47765
2.0123,-0.14901,-0.18106,-0.51416
1.7797,0.2714,-0.10763,-0.5244
1.577,0.021202,-0.0023899,-0.48496
0.85476,0.26602,0.070872,-0.53047
-1.3592,3.2033,0.01827,-0.4046
-0.81686,1.8857,-0.019759,-0.28601
-0.69157,1.3639,-0.057478,-0.19579
-0.56927,0.98319,-0.11591,-0.1261
-0.48827,0.8669,-0.10051,-0.11275
-0.53746,0.90991,-0.13078,-0.037054
-0.62194,1.1543,-0.1591,-0.018621
-0.71815,1.3725,-0.20659,0.068083
-0.11488,0.36937,-0.2202,0.090798
1.0213,-1.5153,-0.19152,0.094097
1.1349,-1.5447,-0.13969,-0.022615
0.9646,-1.2159,-0.10647,-0.08205
1.0312,-1.3243,-0.050933,-0.11901
1.305,-2.0671,0.010908,-0.2273
1.4684,-2.7294,0.082536,-0.31563
-0.16306,-0.66006,0.13367,-0.42619
-1.1419,-0.37068,0.097736,-0.45401
-1.5545,-1.4341,0.013667,-0.47485
-2.1326,-2.5993,-0.070707,-0.58493
-2.2093,-2.5851,-0.19581,-0.74232
0.98687,2.1926,-0.22717,-0.7591
2.3387,4.2212,-0.11875,-0.5757
1.5486,2.9165,-0.045297,-0.37813
0.84553,1.7911,0.016114,-0.25621
0.51023,1.1335,0.076698,-0.22695
0.32923,0.73325,0.067599,-0.15643
0.25392,0.43691,0.12224,-0.11436
0.20437,0.26447,0.09308,-0.11271
0.12117,0.16497,0.080539,-0.076091
-0.032303,0.24391,0.13695,-0.11682
-0.57032,1.0486,0.1104,-0.042007
-1.0711,1.795,0.037762,0.024784
-0.79498,1.5016,0.0039628,0.088707
-0.41458,1.1275,0.010127,0.14997
-0.22231,1.066,-0.051988,0.22219
0.14921,0.91921,-0.02075,0.25367
0.33862,1.1485,-0.020362,0.32853
0.66956,1.4761,-0.014109,0.39086
1.0715,2.0297,0.036882,0.45956
1.2975,2.2467,0.11948,0.58629
-0.36175,-0.57475,0.14975,0.63395
-2.8979,-4.7682,0.054862,0.50025
-1.3956,-2.6939,-0.067951,0.30327
2.305,-3.455,0.069204,-0.065901
1.1964,-1.2647,0.13816,-0.21959
-1.9951,3.2492,0.13054,-0.1495
-2.2091,3.0691,-0.0076002,0.028609
-2.7252,3.994,-0.072895,0.15582
-2.8671,4.4506,-0.28648,0.4146
0.87864,-3.0577,-0.29214,0.44288
0.49251,-3.1906,-0.25756,0.27237
-0.29858,-3.2168,-0.26004,0.10893
-0.59505,-3.7436,-0.28616,-0.040731
-0.24113,-3.6486,-0.29481,-0.24574
0.6819,-2.4282,-0.31606,-0.41735
1.6413,-0.81462,-0.20831,-0.47639
1.8981,0.14922,-0.17564,-0.47559
1.4753,0.34052,-0.016955,-0.50512
1.7091,-0.37751,-0.010563,-0.47569
0.5871,0.51511,0.089452,-0.48715
-1.2223,2.8476,0.039546,-0.40048
-0.8879,1.7141,0.027153,-0.27944
-0.54079,0.84786,-0.0087329,-0.19711
-0.072682,0.16953,-0.056916,-0.20153
1.318,-0.97104,-0.019651,-0.21117
1.5548,-0.66912,0.051215,-0.24937
0.45564,-0.37642,0.13114,-0.27371
-1.0438,-1.9636,0.09905,-0.33741
-1.6995,-3.7443,0.020017,-0.47631
3.5182,3.7573,0.075128,-0.49222
0.58852,-0.99544,0.1675,-0.41532
2.6147,-1.46,0.24847,-0.4573
7.8005,-12.01,0.47031,-0.72817
-5.2962,11.229,0.61589,-0.85246
0.0028709,7.2141,0.42223,-0.37229
0.23371,6.2759,0.45861,-0.033861
-0.33546,4.1354,0.44403,0.24987
0.88503,5.4272,0.46547,0.49177
-1.2841,2.7551,0.47725,0.66616
-4.1644,-1.6062,0.30091,0.71897
-3.9968,-1.9857,0.13049,0.59222
-2.221,-0.37029,-0.041213,0.55875
-1.4731,0.57763,-0.15789,0.56162
0.87442,-2.424,-0.15322,0.51557
0.83683,-1.758,-0.088603,0.4305
0.34899,-0.41251,-0.087618,0.35801
0.30099,0.34229,-0.045375,0.33344
0.4878,1.1778,-0.072604,0.38225
1.9093,3.4649,0.016033,0.49309
-1.0106,-0.12666,0.065979,0.59641
-3.0654,-3.0046,-0.064987,0.53007
-1.368,0.16939,-0.15325,0.45008
-2.9581,2.539,-0.26768,0.47338
-5.5382,8.5243,-0.51577,0.81443
3.6761,-10.821,-0.51401,0.69687
-1.1803,-8.1215,-0.48129,0.27668
-2.4784,-10.7,-0.56748,-0.23395
0.34827,-8.3778,-0.63416,-0.70056
6.7258,0.24122,-0.46534,-0.92826
7.5341,0.25839,-0.092625,-0.86573
7.0397,-7.425,0.2989,-1.0666
-5.6835,8.2474,0.30638,-0.98341
-5.4415,-2.6672,0.038548,-0.86744
2.1935,-3.2485,0.039061,-0.090337
1.0617,-1.0334,0.17562,-0.19867
-2.543,3.7883,0.071487,-0.12448
-2.3502,3.284,0.0057414,0.058211
-3.1268,4.7852,-0.16624,0.25067
-1.3976,1.5081,-0.27497,0.45835
0.9807,-3.4472,-0.27317,0.36632
0.12612,-3.021,-0.26575,0.21909
-0.43137,-3.2865,-0.25698,0.049708
-0.45489,-3.6781,-0.28544,-0.11666
0.13562,-3.0987,-0.30106,-0.31659
1.1295,-1.6993,-0.26693,-0.41002
1.6393,-0.44874,-0.18117,-0.47481
1.7402,0.16728,-0.097078,-0.46953
1.6463,0.0088077,-0.026411,-0.47492
2.0565,-1.2094,0.087713,-0.50569
-0.67893,2.3144,0.11616,-0.46555
-1.1129,2.4542,0.059276,-0.34952
-0.62127,1.1987,0.0017497,-0.23977
-0.35694,0.50274,0.0059181,-0.22231
1.7379,-0.54562,0.013391,-0.24795
1.6704,0.24633,0.13177,-0.22952
1.1435,0.98336,0.18692,-0.17634
-0.081309,-0.074577,0.18466,-0.16891
0.22241,-0.35511,0.24705,-0.18578
2.3845,2.1107,0.27376,-0.14431
0.77237,-2.1675,0.36415,-0.10562
-0.6977,-5.2722,0.36832,-0.33553
4.4457,-9.205,0.40079,-0.63753
-2.791,3.6907,0.58618,-0.99964
-4.7215,4.3141,0.30859,-0.59148
-4.2755,-2.1949,0.085751,-0.54415
-1.9458,-1.1504,-0.077401,-0.66488
1.4264,3.2911,-0.11298,-0.61906
0.6342,1.3735,-0.019145,-0.49136
0.43632,0.27697,-0.01534,-0.4517
1.3007,-0.67361,0.024565,-0.4374
2.1665,-3.2803,0.14124,-0.55751
0.85297,-2.7271,0.20784,-0.73972
-4.1547,3.7701,0.10897,-0.6744
-3.987,1.4517,-0.055751,-0.53885
-2.3578,2.0215,-0.27176,-0.46058
-2.3976,4.3315,-0.37796,-0.33145
-1.0103,7.1868,-0.44089,-0.013304
-2.2595,9.0807,-0.52416,0.39383
1.688,-4.0238,-0.59352,0.60513
2.3307,-7.0482,-0.42539,0.22748
-0.089561,-5.0785,-0.39262,-0.056415
0.37435,-4.3778,-0.3774,-0.31855
2.0879,-1.9293,-0.33848,-0.4593
2.0341,-0.31961,-0.2232,-0.52844
2.3868,-0.076286,-0.10399,-0.52553
1.4886,-0.049248,-0.014136,-0.50597
-0.29144,1.5921,0.042606,-0.48711
-1.5597,2.8845,-0.034766,-0.3764
-0.59104,1.0954,-0.10293,-0.29866
-0.73535,0.95922,-0.11336,-0.21488
-0.47134,0.46309,-0.14223,-0.17174
1.4805,-2.0993,-0.095423,-0.25187
0.62191,-1.5356,-0.059429,-0.31541
2.3281,-3.446,0.048283,-0.091562
1.0458,-1.0841,0.1441,-0.18116
-2.4749,3.765,0.1103,-0.13048
-2.3626,3.3132,-0.05151,0.019818
-3.0491,4.747,-0.10959,0.2693
-1.4033,1.5965,-0.30744,0.44365
0.96852,-3.3416,-0.25975,0.35514
0.1808,-2.9144,-0.2367,0.23099
-0.37676,-3.1527,-0.24681,0.064052
-0.38362,-3.413,-0.2821,-0.10914
0.092823,-3.0326,-0.28272,-0.3002
0.90277,-1.7773,-0.26912,-0.35247
1.5457,-0.47202,-0.16718,-0.47617
1.5293,0.13527,-0.11064,-0.43313
1.3908,0.24892,-0.043255,-0.43256
3.1052,-2.2223,0.055135,-0.4894
-0.36711,1.8919,0.14491,-0.54085
-1.3514,2.938,0.082807,-0.35292
-0.56587,1.3045,0.057154,-0.28015
-0.21723,0.51859,0.021027,-0.21941
0.50319,-0.029245,0.047021,-0.2102
1.8352,0.40898,0.11468,-0.222
2.3768,2.107,0.17223,-0.14105
3.0716,4.9824,0.32991,0.006759
4.0092,8.7689,0.53449,0.36808
-0.6678,5.0509,0.59261,0.73276
-3.7928,2.8935,0.51695,0.95869
-8.374,0.6155,0.1815,0.98527
-7.6087,8.18,-0.27493,1.2667
8.5207,-9.7104,-0.15432,1.1163
6.4253,1.1098,0.17513,0.94921
5.7182,3.9529,0.48437,1.1151
-1.8436,-1.0677,0.62575,1.1961
-7.2677,-5.4459,0.35197,1.0157
-6.4738,-2.0515,-0.0040063,0.77879
-6.9665,7.6412,-0.31029,0.92513
4.2463,-8.0604,-0.41808,0.95273
2.5961,-1.3309,-0.21467,0.70982
3.25,4.5521,-0.069662,0.79015
-3.6521,-3.2779,-0.075281,0.84781
-4.4338,2.3678,-0.31099,0.75962
-4.7446,7.181,-0.62458,1.2339
7.0202,-10.064,-0.4025,0.88431
4.6142,2.589,-0.17856,0.75981
0.1605,-0.28178,-0.023477,0.89332
-4.167,-1.8371,-0.16092,0.75624
-7.8857,12.035,-0.4024,0.96172
7.2751,-9.0645,-0.52704,1.1646
6.9216,2.8494,-0.10388,0.88396
4.2013,4.2822,0.22623,1.2482
-6.6111,-7.8262,0.079608,1.012
-3.8427,1.9459,-0.14394,0.89451
-0.41546,1.8759,-0.35156,1.1245
7.4566,-3.8408,-0.084659,0.88832
7.578,1.6424,0.29625,0.92816
4.7479,-3.7238,0.58204,0.8877
-1.9677,-12.552,0.69781,0.4486
-1.6595,-11.092,0.55334,-0.16015
5.0805,-14.748,0.62581,-0.76051
-6.6083,12.044,0.63948,-0.87479
